-- phpMyAdmin SQL Dump
-- version 4.7.0
-- https://www.phpmyadmin.net/
--
-- Hôte : 127.0.0.1
-- Généré le :  mar. 22 août 2017 à 09:53
-- Version du serveur :  10.1.25-MariaDB
-- Version de PHP :  7.1.7

SET SQL_MODE = "NO_AUTO_VALUE_ON_ZERO";
SET AUTOCOMMIT = 0;
START TRANSACTION;
SET time_zone = "+00:00";


/*!40101 SET @OLD_CHARACTER_SET_CLIENT=@@CHARACTER_SET_CLIENT */;
/*!40101 SET @OLD_CHARACTER_SET_RESULTS=@@CHARACTER_SET_RESULTS */;
/*!40101 SET @OLD_COLLATION_CONNECTION=@@COLLATION_CONNECTION */;
/*!40101 SET NAMES utf8mb4 */;

--
-- Base de données :  `projet_v1`
--

-- --------------------------------------------------------

--
-- Structure de la table `comments`
--

CREATE TABLE `comments` (
  `id_comment` int(11) NOT NULL,
  `id_user` int(11) DEFAULT NULL,
  `id_recipe` int(11) NOT NULL,
  `content` longtext NOT NULL,
  `comment_date` datetime NOT NULL
) ENGINE=InnoDB DEFAULT CHARSET=latin1;

--
-- Déchargement des données de la table `comments`
--

INSERT INTO `comments` (`id_comment`, `id_user`, `id_recipe`, `content`, `comment_date`) VALUES
(3, 52, 17, 'Très bonne recette, appréciée de toute la famille!', '0000-00-00 00:00:00'),
(6, 7, 17, 'super belle recette je me suis regaler', '0000-00-00 00:00:00'),
(7, 7, 17, 'kgfjlsdhfldfl', '0000-00-00 00:00:00'),
(8, 7, 17, 'evec du chien c\'est meilleur', '0000-00-00 00:00:00'),
(9, 7, 17, 'jlghflksjdfklmshdf', '0000-00-00 00:00:00'),
(11, 7, 17, '123456\r\n', '0000-00-00 00:00:00'),
(12, 7, 17, 'sdfqsjdfqsdfqsdfjkqsdf', '0000-00-00 00:00:00'),
(13, 1, 17, 'test', '0000-00-00 00:00:00'),
(15, 1, 17, '789', '0000-00-00 00:00:00'),
(16, 1, 21, 'tres bon', '0000-00-00 00:00:00'),
(17, 1, 17, 'Miam', '0000-00-00 00:00:00'),
(18, 8, 17, 'gffghg', '0000-00-00 00:00:00'),
(19, 1, 17, 'dfgdfgfd', '2017-08-17 16:45:44'),
(20, 1, 17, 'test', '2017-08-17 16:45:49'),
(21, 1, 17, 'sdfdsffsd', '2017-08-17 16:45:59'),
(22, 1, 19, '456456', '2017-08-17 16:49:17'),
(23, 1, 19, 'dfdf', '2017-08-17 16:52:27'),
(24, 1, 19, 'gfgf', '2017-08-17 16:53:21'),
(25, 1, 19, 'fgfg', '2017-08-17 16:53:45'),
(26, 1, 19, 'dqsdqd', '2017-08-17 16:54:44'),
(27, 1, 19, '123456789', '2017-08-17 16:58:43'),
(28, 1, 19, 'gdfgdfgdgf', '2017-08-17 16:59:39'),
(29, 1, 19, 'gdfgdfgdgf', '2017-08-17 16:59:53'),
(30, 1, 19, 'hdfhdfh', '2017-08-17 16:59:58'),
(31, 1, 19, 'salutttttttttttttttttttttttttttttttttt', '2017-08-17 17:00:53'),
(32, 1, 19, 'jdgqshdoqshdqs', '2017-08-17 17:02:36'),
(33, 1, 19, 'hthjhjghggggggggggggggggggggggggggggggggggggg', '2017-08-17 17:12:00'),
(34, 1, 19, 'ghhjhjghgjhghjgj', '2017-08-17 17:13:04'),
(35, 1, 17, 'dqssqsdqsdqsdqsqsdqsdqsdqsqsdqsdqsqsdsdsq', '2017-08-18 17:25:47'),
(36, 1, 17, 'dqssqsdqsdqsdqsqsdqsdqsdqsqsdqsdqsqsdsdsq', '2017-08-18 17:25:49'),
(37, 1, 17, 'test', '2017-08-18 18:24:19'),
(38, 1, 17, 'test', '2017-08-18 18:27:45'),
(39, 1, 17, 'test', '2017-08-18 18:28:00'),
(40, 1, 17, '12345', '2017-08-18 18:28:28'),
(41, 1, 17, '12345', '2017-08-18 18:31:57'),
(42, 1, 17, '12345', '2017-08-18 18:32:21'),
(43, 1, 17, '12345', '2017-08-18 18:33:47'),
(44, 1, 17, '12345', '2017-08-18 18:34:22'),
(45, 1, 17, '156316152315323152153', '2017-08-19 15:43:38');

-- --------------------------------------------------------

--
-- Structure de la table `rating`
--

CREATE TABLE `rating` (
  `id_rate` int(11) NOT NULL,
  `id_recipe` int(11) NOT NULL,
  `id_user` int(11) DEFAULT NULL,
  `rate` int(11) NOT NULL
) ENGINE=InnoDB DEFAULT CHARSET=latin1;

--
-- Déchargement des données de la table `rating`
--

INSERT INTO `rating` (`id_rate`, `id_recipe`, `id_user`, `rate`) VALUES
(12, 17, 1, 0),
(13, 17, 14, 1),
(16, 17, 15, 1),
(17, 17, 16, 1),
(19, 17, 8, 4),
(28, 21, 9, 3),
(29, 19, 1, 3),
(30, 18, 1, 5);

-- --------------------------------------------------------

--
-- Structure de la table `recipes`
--

CREATE TABLE `recipes` (
  `id_recipe` int(11) NOT NULL,
  `id_region` int(11) NOT NULL,
  `id_user` int(11) DEFAULT NULL,
  `title` varchar(255) NOT NULL,
  `star_ingredient` enum('viande','poisson','fruits de mer','vegetarien') NOT NULL,
  `difficulty` enum('1','2','3','4','5') NOT NULL,
  `prep_time` time NOT NULL,
  `cook_time` time NOT NULL,
  `portion` int(11) NOT NULL,
  `ingredients` longtext NOT NULL,
  `methods` longtext NOT NULL,
  `story` longtext NOT NULL,
  `status` enum('En attente','validee') NOT NULL DEFAULT 'En attente',
  `picture_recipe` varchar(255) NOT NULL,
  `date_recipe` date NOT NULL
) ENGINE=InnoDB DEFAULT CHARSET=latin1;

--
-- Déchargement des données de la table `recipes`
--

INSERT INTO `recipes` (`id_recipe`, `id_region`, `id_user`, `title`, `star_ingredient`, `difficulty`, `prep_time`, `cook_time`, `portion`, `ingredients`, `methods`, `story`, `status`, `picture_recipe`, `date_recipe`) VALUES
(17, 1, 7, 'Velouté de chicons ', 'vegetarien', '1', '00:25:00', '00:30:00', 4, '600 GRAMMES DE CHICONS,\r\n3 POMMES DE TERRE MOYENNES,\r\n1 OIGNON JAUNE,\r\n2 GOUSSES D\'AIL BLANC,\r\n5 FEUILLES DE SAUGE,\r\n1 FEUILLE DE LAURIER SAUCE,\r\n1 L DE BOUILLON DE LÉGUMES,\r\n4 CUILLÈRES À SOUPE DE CRÈME AIGRE,\r\n1 CUILLÈRE À SOUPE D\'HUILE DE TOURNESOL,\r\nSEL FIN DE CUISINE,\r\n- POIVRE NOIR EN GRAINS AU MOULIN.', 'Laver les chicons et les couper grossièrement en prenant soin d\'éliminer la base dure et amère.\r\nPeler, laver les pommes de terre et les couper,peler l\'oignon et les gousses d\'ail et les hacher.\r\nDans une casserole, faire chauffer l\'huile, \r\nAjouter l\' oignon et l\'ail hachés, les pommes de terre et les chicons détaillés.\r\nLaisser dorer 3 minutes en mélangeant et ajouter les feuilles de sauge, la feuille de laurier et le bouillon.\r\nCuire 20 minutes et mixer, rectifier l\'assaisonnement.\r\nDonner un bouillon et ajouter la crème acidulée avant de servir.', 'Idée régime: Se régaler souvent avec ce velouté de chicons! \r\nLe chicon contient 15 kcal/100 grammes et des fibres utiles.\r\nUn ami fiable de la ligne light!', 'validee', 'veloute_de_chicons.jpg', '2017-08-13'),
(18, 1, 8, 'Waterzoï simple de poissons', 'poisson', '2', '00:30:00', '00:30:00', 4, '4 HARENGS FRAIS ET PLEINS,\r\n6 CUILLÈRES À SOUPE DE MOUTARDE,\r\n100 GRAMMES DE BEURRE,\r\n1 CUILLÈRE À SOUPE DE COULIS DE TOMATES,\r\n4 CUILLÈRES À SOUPE DE CHAPELURE,\r\nSEL FIN DE CUISINE,\r\nPOIVRE NOIR EN GRAINS DU MOULIN.', 'Préchauffer le four à 200°C ou th 8.\r\nEcailler les harengs. \r\nLes fendre sur le ventre pour retirer les laitances et les oeufs. \r\nLaver, essuyer les poissons. \r\nMélanger la moutarde et le coulis de tomates dans un bol. \r\nSaler, poivrer. \r\nTremper juste les laitances et les oeufs dans ce mélange.\r\nRemettre à l\'intérieur des poissons.\r\nBadigeonner ensuite les harengs avec le reste du mélange. \r\nPasser les harengs dans la chapelure. \r\nDisposer sur la grille du four . \r\nFaire fondre le beurre dans une casserole, arroser les harengs de cette sauce.\r\nEnfourner dans le four à mi hauteur à 160° 20 minutes en les arrosant deux ou trois fois de beurre fondu. \r\nRetourner les poissons à mi-cuisson.', 'Recette du Nord Pas de Calais', 'validee', 'waterzoi_de_poisson.jpg', '2017-08-14'),
(19, 1, 1, 'Ragoût d\'agneau à la Guinness', 'viande', '2', '00:20:00', '01:20:00', 4, '1 KG D\'ÉPAULE OU DE COLLIER D\'AGNEAU,\r\n600 GRAMMES DE POMME DE TERRE GRENAILLE,\r\n4 GROS OIGNONS ROUGES,\r\n50 CL DE BIÈRE GUINNESS,\r\n2 BRANCHES DE THYM,\r\n2 FEUILLES DE LAURIER,\r\n5 BRINS DE PERSIL PLAT,\r\n25 CL DE BOUILLON D\'AGNEAU,\r\n5 CL D\'HUILE DE PÉPINS DE RAISIN,\r\n12 GRAMMES DE SEL FIN DE CUISINE,\r\n3 GRAMMES DE POIVRE NOIR EN GRAINS AU MOULIN.', 'Préparation à faire la veille:\r\nCouper l\'agneau en morceaux et le disposer dans un saladier. \r\nRéaliser un bouquet garni en liant les brins de persil, les feuilles de laurier et le thym.\r\nAjouter le bouquet garni dans le saladier et verser dessus la Guinness.\r\nRecouvrir le tout avec du film alimentaire et laisser reposer 1 nuit au réfrigérateur.\r\n\r\nLe jour même:\r\nBien laver les pommes de terre et les couper en 2 dans le sens de la longueur\r\nÉplucher les oignons et les émincer grossièrement.\r\nRetirer l\'agneau de la marinade et le laisser égoutter et sécher sur du papier absorbant.\r\nFaire chauffer la moitié de l\'huile dans une poêle.\r\nAjouter la viande et la saisir sur toutes les faces pendant quelques minutes jusqu\'à ce que la viande soit légèrement dorée.\r\nRéserver la viande.\r\nFaire chauffer le reste d\'huile dans une cocotte à feu doux.\r\nAjouter les oignons émincés et les laisser colorer pendant 5 minutes\r\nAjouter les morceaux de viande et bien mélanger le tout.\r\nCouvrir le tout avec la bière et le bouquet garni de la marinade. \r\nLa bière doit couvrir l\'ensemble de la viande. Compléter avec le bouillon si nécessaire.\r\nSaler et poivrer.\r\nPorter le tout à ébullition puis couvrir et laisser cuire pendant 2h à couvert et à feu très doux.\r\nAjouter les morceaux de pomme de terre 1h avant la fin de la cuisson et laisser cuire à feu découvert la dernière demi-heure le temps que la sauce à la Guinness réduise légèrement.\r\nServir la cocotte au milieu de la table et régalez vous.', 'Recette du Nord Pas de Calais\r\nSuggestions:\r\nEncore une grande recette dans la lignée des carbonnades, bœuf carottes et autres bœuf bourguignon.\r\nLa Guinness est une bière très typée... Comme toutes les Stout, c\'est du jus de tourbe concentré. \r\nElle convient très bien pour cette recette de plat mijoté.\r\nComme toutes les recettes de plats mijotés, cuire longtemps et commencer la cuisson la veille pour obtenir, des plats pleins de saveur.', 'validee', 'ragout_agneau_guinness.jpg', '2017-08-15'),
(20, 1, 1, 'Poulet en waterzoï', 'viande', '2', '00:15:00', '00:25:00', 4, '1 BRANCHE DE CÉLERI,\r\n200 GRAMMES DE BLANCS DE POIREAUX,\r\n4 CAROTTES FANES,\r\n4 BLANCS DE POULET,\r\n30 GRAMMES DE BEURRE,\r\n1 LITRE DE BOUILLON DE VOLAILLE,\r\n2 JAUNES D\'OEUF EXTRA FRAIS,\r\n10 CL DE CRÈME FRAÎCHE,\r\n1/2 CITRON,\r\n4 BRINS DE PERSIL PLAT HACHÉ,\r\n5 GRAMMMES DE GRAINES DE CORIANDRE,', 'Laver le céleri et en réserver 3 feuilles pour le décor.\r\nLaver aussi les poireaux et couper le tout en tronçons.\r\nPeler couper les carottes en rondelles.\r\nFaire étuver le tout dans un faitout à feu doux pendant 5 minutes avec le beurre.\r\nAjouter les blancs de poulet le bouillon.\r\nLes saler et les poivrer.\r\nAjouter quelques graines de coriandre.\r\nCuire à couvert et à feu doux 20 minutes après ébullition.\r\nDans un bol mélanger la crème les jaunes d\'oeufs le jus de citron du sel et du poivre. Prélever les légumes et le poulet à l\'écumoire en garnir un plat creux.\r\nPuis, tenir au chaud.\r\nMélanger la crème au bouillon.\r\nLier sur feu doux 2 minutes sans faire bouillir.\r\nAjouter 2 cuillères à soupe de persil haché.\r\nVerser sur la viande et les légumes décorer de céleri. \r\nServir bien chaud.', 'Recette du Nord Pas de Calais', 'validee', 'waterzoi_de_poulet.jpg', '2017-08-16'),
(21, 1, 1, 'Chou rouge à la flamande', 'vegetarien', '2', '00:10:00', '02:00:00', 2, '1 CHOU ROUGE.\r\n1 OIGNON.\r\n2 POMMES.\r\n50 GRAMMES DE BEURRE.\r\n1 FEUILLE DE LAURIER.\r\n1 CUILLÈRE À SOUPE DE VINAIGRE DE VIN ROUGE.\r\n50 CL DE VIN ROUGE.\r\n2 CUILLÈRES À SOUPE DE SUCRE.\r\nSEL FIN DE CUISINE.\r\nPOIVRE NOIR EN GRAINS DU MOULIN.', 'Préchauffer le four à 200°C ou th 8.Laver, retirer les grosses feuilles et le trognon  du chou.\r\nÉmincer en fines lanières.\r\nÉplucher les pommes.\r\nLes couper en dés.\r\nPeler, émincer l\'oignon.\r\nDans une cocotte faire fondre 40 grammes de beurre.\r\nFaire fondre l\'oignon.\r\nAjouter le chou et les pommes.\r\nMouiller avec le vin rouge à hauteur du légume.\r\nAjouter le laurier, le vinaigre.\r\nPorter à ébulition.\r\nCouvrir, baisser le feu.\r\nLaisser mijoter 2 heures.\r\nAjouter de l\'eau si l\'évaporation est trop forte.\r\nEn fin de cuisson ajouter la casssonade et le reste du beurre.\r\nMettre la préparation dans un plat allant au four.\r\nEnfourner  5 à 10 minutes.\r\n', 'Recette du Nord Pas de Calais', 'validee', 'chou_rouge_flamande.jpg', '2017-08-17'),
(22, 1, 10, 'Lapin à la bière et aux pruneaux', 'viande', '3', '00:40:00', '01:30:00', 4, '1 LAPIN DE 1,5 KG,\r\n12 PETITES ÉCHALOTES, \r\n12 PRUNEAUX DÉNOYAUTÉS, \r\n75 GRAMMES DE RAISINS SECS, \r\n6 CUILLÈRES À SOUPE DE COGNAC, \r\n20 GRAMMES DE BEURRE DEMI SEL,\r\n125 GRAMMES DE LARDONS FUMÉS,\r\n2 CUILLÈRES À SOUPE DE FARINE TAMISÉE,\r\n40 CL DE BIÈRE BLONDE CERVOISE, \r\n1 BRIN DE THYM,\r\n2 FEUILLES DE LAURIER,\r\nSEL FIN DE CUISINE,\r\nPOIVRE NOIR EN GRAINS DU MOULIN.', 'Tailler le lapin en morceaux.\r\nÈplucher et laver les échalotes.\r\nPrendre une casserole.\r\nY déposer les pruneaux et les raisins.\r\nLes arroser de cognac, porter à ébullition. \r\nHors du feu, faire flamber, puis laisser macérer. \r\nDans une cocotte, faire fondre 20 grammes de beurre.\r\nY déposer les échalotes. \r\nRemuer et ajouter les lardons. \r\nFaire juste dorer. \r\nRetirer les échalotes et les lardons de la cocotte. \r\nSaisir les morceaux de lapin dans la graisse de cuisson.\r\nLes faire dorer sur chaque face. \r\nRéintégrer les lardons et les échalotes à la cocotte.\r\nLes cuire 5 minutes en remuant et saupoudrer l\'ensemble de farine. \r\nRemuer de nouveau et verser la bière. \r\nAjouter le thym et le laurier.\r\nBien assaisonner.\r\nPorter à ébullition en continuant de remuer. \r\nCouvrir et laisser mijoter 45 minutes à feu moyen. \r\nAjouter les pruneaux et les raisins.\r\nLaisser mijoter de nouveau 15 minutes. \r\nServir à l\'assiette .\r\n\r\nSi la bière s\'évapore trop rapidement, compléter avec un peu d\'eau. \r\nComme le vin ou le cidre, la bière est utilisée en cuisine.\r\nElle remplace avantageusement les bouillons de légumes, de volaille, de boeuf... \r\nA la cuisson, la bière apporte des notes caramélisées ou une certaine amertume à la saveur des plats.', 'Recette du Nord Pas de Calais', 'validee', 'lapin_biere_pruneaux.jpg', '2017-08-18'),
(23, 1, 10, 'Tourte au Maroilles', 'vegetarien', '1', '00:20:00', '00:30:00', 4, '300 GRAMMES DE MAROILLES,\r\n50 CL DE CRÈME FRAÎCHE,\r\n5 OEUFS EXTRA FRAIS,\r\n250 GRAMMES DE PÂTE BRISÉE,\r\n1 PINCÉE DE MUSCADE,\r\nSEL FIN DE CUISINE,\r\nPOIVRE NOIR EN GRAINS DU MOULIN.', 'Préchauffer le four à 200°C ou th 7.\r\nÉtaler la pâte dans une tourtière de 28 cm de diamètre. \r\nCouper le Maroilles en petits morceaux. \r\nCasser les oeufs.\r\nLes battre comme pour une omelette.\r\nAjouter les 50 cl de crème fraîche.\r\nAssaisonner de sel.\r\nPoivrer et muscader. \r\nMettre les morceaux de Maroilles dans la tourtière.\r\nVerser dessus l\'appareil .\r\nMettre à four chaud 200ºC ou th 7 pendant 20 minutes. \r\nLa laisser refroidir.\r\nLa démouler quand elle est encore tiède. \r\nPrédécouper la tarte.\r\nLa réchauffer 10 minutes. \r\nServir avec une salade verte bien asssaisonner.', 'Recette du Nord Pas de Calais', 'validee', 'tourte_au_maroilles.jpg', '2017-08-19'),
(24, 1, 11, 'Moules sauce au chèvre et lardons', 'fruits de mer', '3', '00:25:00', '00:20:00', 2, '-1 LITRE DE MOULES PRÉPARÉES, LAVÉES, GRATTÉES.\r\n-2 OIGNONS JAUNES.\r\n-1 DEMI MAROILLES.\r\n-150 GRAMMES DE LARDONS.\r\n-1/2 LITRE DE VIN BLANC SEC.\r\n-1 PETIT POT DE CRÈME FRAICHE.\r\n-POIVRE NOIR EN GRAINS DU MOULIN.', 'Prendre un grand sautoir.\r\nY mettre une cuillère d\'huile de tournesol à chauffer.\r\nY faire revenir les oignons coupés finement dans l\'huile d\'olive.\r\nY rajouter les lardons.\r\nQuand le tout est bien doré, rajouter les moules crues.\r\nBien les mélanger.\r\nY mettre une pointe de crème et le vin blanc.\r\nBien mélanger.\r\nDans une casserole, faire chauffer la crème.\r\nQuand celle-ci est chaude, rajouter le Maroilles.\r\nMélanger hors du feu.\r\nPuis, verser le tout sur les moules.\r\nMélanger encore 15 minutes à feu doux.\r\nServir bien chaud.', 'Recette du Nord Pas de Calais', 'validee', 'moules_sauce_chevre_lardons.jpg', '2017-08-20'),
(25, 1, 11, 'Tourte à la Fourme d\'Ambert', 'viande', '3', '00:30:00', '00:35:00', 4, '- 200 GRAMMES DE PÂTE FEUILLETÉE,\r\n- 70 GRAMMES DE POITRINE FUMÉE,\r\n- 2 OIGNONS JAUNES,\r\n- 240 GRAMMES DE FOURME D\'AMBERT,\r\n- 1 BRANCHE DE LAURIER,\r\n- 1 BRANCHE DE THYM FRAIS,\r\n- 10 CL D\'HUILE,\r\n- POIVRE EN GRAINS AU MOULIN.', 'Préchauffer le four 180°C ou th 6.\r\n\r\nDétailler la poitrine fumée en petits lardons et les blanchir. \r\nÉmincer les oignons et les poêler à l\'huile. Au quart de la cuisson.\r\n\r\nRajouter les lardons, le laurier et le thym frais, laisser étuver à couvert, poivrer. \r\n\r\nTailler des cercles d\'environ 10 cm de diamètre dans le feuilletage.\r\n\r\nSur une abaisse de pâte, mettre au centre la compote d\'oignons recouverte de la fourme. \r\n\r\nRecouvrir avec l\'autre cercle de pâte. \r\n\r\nDorer et mettre au four 180 ° ou th 6 pendant 35 minutes.', 'Recette du nord Pas de Calais', 'validee', 'tourte_fourme_ambert_lard_oignons.jpg', '2017-08-21'),
(26, 1, 11, 'Welsch du nord', 'viande', '3', '00:25:00', '00:10:00', 6, '10 GRAMMES DE BEURRE,\r\n25 CL DE BIÈRE BLONDE OU AMBRÉE,\r\n800 GRAMMES DE CHEDDAR,\r\n50 GRAMMES DE GRUYÈRE RÂPÉ,\r\n2 TRANCHES DE JAMBON BLANC,\r\n2 PINCÉES DE NOIX DE MUSCADE,\r\n4 ŒUFS EXTRA FRAIS,\r\n4 TRANCHES DE PAIN DE CAMPAGNE,\r\nPOIVRE BLANC MOULU.', 'Préchauffer le four en position gril.\r\nFaire dorer le pain dans une poêle avec un peu de beurre. \r\nMettre le cheddar en petits cubes dans une sauteuse.\r\nAjouter la bière et la muscade.\r\nLaisser fondre. \r\nDans un plat à gratin, déposer le jambon sur le pain.\r\nVersez la préparation sur l\'ensemble. \r\nMettre du gruyère râpé pour gratiner le plat.\r\nCasser un œuf sur le dessus.\r\nLe saler, le poivrer. \r\nMettre au four 3 minutes environ en position gril.', 'Recette du Nord Pas de Calais', 'validee', 'welsch_du_nord.jpg', '2017-08-01'),
(27, 1, 12, 'Salade de chicorée', 'viande', '1', '00:10:00', '00:00:00', 4, '115 GRAMMES DE LARD MAIGRE PARÉ ET DÉCOUPÉ EN PETIT CUBES, \r\n50 GRAMMES DE RADICCHIO NETTOYÉ, ESSORÉ ET DÉCHIQUETÉ, \r\n2 LAITUES FRISÉES NETTOYÉES, ESSORÉES ET DÉCHIQUETÉES, \r\n50 GRAMMES DE PIGNONS DE PIN GRILLÉS,\r\n10 CL D\'HUILE DE NOIX, \r\n6 CL DE VINAIGRE DE VIN ROUGE, \r\nSEL FIN DE CUISINE,\r\nPOIVRE NOIR EN GRAINS DU MOULIN.', 'Dans une casserole faire revenir les morceaux de lard.\r\nLes cuire jusqu\'à ce qu\'ils deviennent croustillants.\r\nLes retirer du feu.\r\nLes laisser reposer sur un essuie-tout.\r\nIls doivent absorber le plus de gras possible.\r\nLes réserver. \r\n\r\nPrendre un saladier.\r\nY ajouter le radicchio, la laitue et les noix de pin grillées. \r\nMouiller la salade avec l\'huile de noix et le vinaigre de vin rouge. \r\nAssaisonner au goût avec le sel et le poivre. \r\nBien mélanger et servir des portions individuelles.\r\nParsemer chaque portion avec des lardons grillés.', 'Recette de Picardie', 'validee', 'salade_de_chicoree.jpg', '2017-08-02'),
(28, 1, 11, 'Oeufs patates', 'vegetarien', '2', '00:20:00', '00:40:00', 4, '4 GROSSES POMMES DE TERRE DE FORME ALLONGÉE,\r\n60 GRAMMES DE BEURRE,\r\n1 FROMAGE CARRÉ DEMI-SEL,\r\n1 BOUQUET DE PERSIL,\r\n4 OEUFS EXTRA FRAIS,\r\n50 GRAMMES DE GRUYÈRE RÂPÉ,\r\nSEL DE CUISINE,\r\nPOIVRE NOIR EN GRAINS DU MOULIN.', 'Préchauffer le four à 200°C ou th 7.\r\nLaver les pommes de terre en les brossant.\r\nBien les essuyer.\r\nMettre les pommes de terre à cuire dans le four.\r\nLes retourner fréquemment jusqu\'à ce que l\'intérieur soit moelleux.\r\nLes cuire 30 minutes au four à 200°C ou th 7.\r\nRetirer les pommes de terre du four sans éteindre celui-ci. \r\nCouper les deux extrémités.\r\nPrendre une petite cuillère.\r\nCreuser une cavité à l\'intérieur en évitant de les transpercer.\r\nÉmietter la chair recueillie. \r\nLa mettre dans une casserole. \r\nAjouter 60 grammes de beurre et le fromage demi-sel.\r\nSaler et  poivrer.\r\nRincer le bouquet de persil. \r\nL\'égoutter et le hacher finement sur les éléments précédents.\r\nBien mélanger sur feu doux jusqu\'à ce que la préparation prenne un aspect crémeux.\r\nDisposer les pommes de terre verticalement dans un plat à gratin.\r\nGarnir une partie de l\'intérieur avec la farce précédente.\r\nPuis, casser un oeuf dans chaque pomme de terre.\r\nSaupoudrer de gruyère râpé. \r\nFaire fondre le restant du beurre.\r\nArroser avec ce beurre fondu.\r\nMettre le plat dans le four chaud pendant 6 à 8 minutes. \r\nLes oeufs doivent cuire mais rester moelleux. \r\nServir dès la sortie du four, dans le plat de cuisson.', 'Recette de Picardie', 'validee', 'oeufs_patates.jpg', '2017-08-03'),
(29, 1, 11, 'Carbonade du nord', 'viande', '2', '00:30:00', '02:00:00', 4, '500 GRAMMES DE CARBONADE DE BOEUF,\r\n2 OIGNONS JAUNES,\r\n4 TRANCHES DE PAINS D\'ÉPICES,\r\n50 CL DE BIÈRE DE TABLE OU DE GUEUZE,\r\n30 GRAMMES DE BEURRE,\r\nSEL FIN DE CUISINE,\r\nPOIVRE NOIR EN GRAINS DU MOULIN.', 'Faire revenir dans une casserole la carbonade de boeuf.\r\nBien saisir chaque morceau.\r\nVerser la bière sur la viande saisie.\r\nAjouter les oignons coupés en lamelles. \r\nSaler et poivrer. \r\nCouvrir le plat.\r\nLaisser mijoter à couvert 30 minutes. \r\nEnsuite, placer les tranches de pain d\'épices sur la préparation.\r\nNe pas les casser, ni les mélanger.\r\nLaisser mijoter à petit feu pendant minimum 1h30. \r\nLorsque le temps prévu s\'est écoulé, bien mélanger.\r\nRectifier l\'assaisonnement.\r\nLa carbonade sera encore meilleure, si elle est cuite au four à 100°C ou th 3.', 'Recette de Picardie', 'validee', 'carbonade_nord.jpg', '2017-08-04'),
(30, 1, 11, 'Civet de lapin à la betterave et aux pruneaux', 'viande', '2', '00:25:00', '01:30:00', 6, '1 LAPIN COUPÉ EN MORCEAUX,\r\n4 TRANCHES DE LARD MAIGRE DEMI-SEL,\r\n4 PETITES BETTERAVES CUITES,\r\n1 OIGNON JAUNE,\r\n12 PRUNEAUX,\r\n2 FEUILLES DE LAURIER,\r\n1 GOUSSE D\'AIL,\r\n1 BOUQUET DE THYM,\r\n50 CL DE VIN ROUGE CORSÉ,\r\n4 CUILLÈRES À SOUPE D\'HUILE,\r\n30 GRAMMES DE BEURRE,\r\n1 CUILLÈRE À SOUPE DE FARINE,\r\nGROS SEL DE CUISINE,\r\nPOIVRE NOIR EN GRAINS DU MOULIN.', 'Griller le lard à sec dans une poêle.\r\nLe retirer.\r\nLe tapisser le fond d\'une cocotte. \r\nMettre dans la poêle l\'huile.\r\nY dorer le lapin.\r\nCommencer par les cuisses.\r\nPuis, mettre les pattes avant et enfin le râble 15 minutes en tout. \r\nDéposer à mesure sur le lard. \r\nLes saler et les poivrer. \r\nDéglacer la poêle avec un fond de vin rouge en la grattant pour décoller les sucs. \r\nAjouter le reste de vin.\r\nPorter à ébullition.\r\nVerser sur le lapin.\r\nDémarrer la cuisson du civet sur feu doux. \r\nCouper les oignons. \r\nFaire revenir dans la poêle avec le reste d\'huile.\r\nL\'incorporer au civet avec les pruneaux, le laurier, le thym et la gousse d\'ail écrasée. \r\nCouvrir le plat.\r\nLaisser mijoter 30 minutes avant d\'ajouter les betteraves coupées en rondelles. \r\nPoursuivre la cuisson 30 minutes. \r\nMélanger la farine et le beurre. \r\nDélayer avec un peu de jus de civet. \r\nVerser ce beurre dans la cocotte. \r\nLaisser épaissir 2 minutes. ', 'Recette de Picardie', 'validee', 'civet_lapin_betterave_pruneaux.jpg', '2017-08-05'),
(31, 1, 11, 'Haddock aux pommes de terre', 'poisson', '3', '00:15:00', '00:45:00', 4, '4 FILET DE HADDOCK,\r\n125 GRAMMES DE POMMES DE TERRE,\r\n15 CL DE LAIT,\r\n1 OIGNON PIQUÉ DE CLOUS DE GIROFLE,\r\n4 BRINS DE THYM, \r\n2 FEUILLES DE LAURIER,\r\n4 BRINS DE PERSIL PLAT, \r\n2 GOUSSES D\' AIL,\r\nGROS SEL DE MER,\r\nPOIVRE NOIR MOULU.', 'Faire cuire le haddock dans un court bouillon à base de lait avec thym, laurier, oignons, clous de girofle et gros sel. \r\nFaire cuire des pommes de terre à l\'eau avec la peau, dès qu\'elles sont cuites les éplucher. \r\nSortir le haddock du lait dès qu\'il est cuit. \r\nÉplucher l\'ail et l\'écraser, hacher le persil. \r\nDans un plat mettre une couche de pommes de terre coupées en rondelles avec ail et persil, un couche de haddock émietté et ainsi de suite. \r\nArroser avec un peu de lait de cuisson du poisson. \r\nPour conserver au chaud mettre le plat au bain-marie.', 'Recette de Picardie', 'validee', 'haddock_pommes_de_terre_picardie.jpg', '2017-08-06'),
(32, 1, 11, 'Galette de légumes', 'vegetarien', '3', '00:15:00', '00:10:00', 4, '- 2 ŒUFS EXTRA FRAIS.\r\n\r\n- 160 GRAMMES DE CHAPELURE.\r\n\r\n- 1 CUILLÈRE DE CRÈME FRAÎCHE.\r\n\r\n- LÉGUMES, CAROTTES, POIVRONS, COURGETTES, POMMES DE TERRE, OIGNONS.\r\n\r\n- 16 OLIVES NOIRES ET VERTES.\r\n\r\n- SEL FIN DE CUISINE.\r\n\r\n- 3 PINCÉES DE NOIX DE MUSCADE. \r\n\r\n- POIVRE NOIR EN GRAINS DU MOULIN.', 'Faire revenir les légumes coupés très finement et les olives dénoyautées dans de l\'huile d\'olive.\r\nLes réserver. \r\nBattre les œufs comme pour une omelette et ajouter la muscade le sel et le poivre ajouter la crème fraîche. \r\nVerser les légumes dans les œufs battus et ajouter de la chapelure afin d\'obtenir une pâte homogène. \r\nDans la poêle ayant servi à cuire les légumes verser la préparation. \r\nCouvrir la poêle et laisser gonfler retourner la galette. \r\nServir avec une salade.', 'Recette de Picardie', 'validee', 'galettes_legumes.jpg', '2017-08-07'),
(33, 1, 12, 'Oeufs pochés florentine', 'vegetarien', '3', '00:25:00', '00:25:00', 8, '2 KG D\'ÉPINARDS,\r\n50 GRAMMES DE BEURRE,\r\n8 OEUFS EXTRA FRAIS,\r\n2 CUILLÈRES À SOUPE DE VINAIGRE,\r\nSEL FIN DE CUISINE,\r\nPOIVRE NOIR EN GRAINS DU MOULIN,\r\n\r\nPOUR LA SAUCE MORNAY :\r\n35 GRAMMES DE BEURRE,\r\n30 GRAMMES DE FARINE\r\n30 CL DE LAIT,\r\n2 OEUFS EXTRA FRAIS,\r\n1 CUILLÈRE À SOUPE DE CRÈME FRAÎCHE,\r\n60 GRAMMES DE GRUYÈRE RÂPÉ,\r\n1 PINCÉE DE NOIX DE MUSCADE,\r\nSEL DE CUISINE, \r\nPOIVRE NOIR EN GRAINS DU MOULIN.', 'Préparer les épinards :\r\nNettoyer les épinards. \r\nRetirer les feuilles abîmées, couper les tiges. \r\nLaver les feuilles dans plusieurs eaux.\r\nLes égoutter.\r\nFaire chauffer 2,5 litre d\'eau salée dans une grande marmite. \r\nDès que l\'eau est bouillante, y jeter les épinards. \r\nLes laisser cuire environ 5 minutes à feu vif.\r\nQuand ils sont cuits, les sortir de l\'eau avec une écumoire.\r\nLes égoutter et les presser afin d\'en extraire toute l\'eau.\r\n\r\nPréparer la sauce Mornay :\r\nFaire fondre 25 grammes de beurre dans une casserole. \r\nQuand il est chaud, ajouter la farine tamisée.\r\nBien mélanger. \r\nLaisser cuire quelques instants sur feu doux. \r\nQuand le mélange est blond c\'est un roux blond.\r\nLe laisser refroidir.\r\nFaire bouillir le lait. \r\nDès qu\'il est bouillant, le verser sur le roux. \r\nBattre vivement au fouet.\r\nPuis, remettre l\'ensemble sur le feu. \r\nAssaisonner de noix de muscade, de sel et de poivre.\r\nPorter de nouveau à ébullition en remuant avec un fouet. \r\nDès que la sauce arrive à ébullition baisser le feu. \r\nLaisser cuire la béchamel 10 minutes à feu doux.\r\nCasser 2 oeufs en séparant les jaunes des blancs. \r\nGarder ces derniers pour une autre préparation.\r\nMélanger dans un bol les 2 jaunes d\'oeufs et la crème fraîche. \r\nLes incorporer à la béchamel.\r\nBien mélanger. \r\nAjouter enfin le gruyère râpé. \r\nQuand le fromage est fondu, retirer la sauce du feu. \r\nDisposer aussitôt quelques noisettes de beurre à sa surface pour d\'empêcher une croûte de se former. \r\nMaintenir la sauce au chaud.\r\nFaire bouillir 1 litre d\'eau,\r\nAjouter 2 cuillères à soupe de vinaigre. \r\nDès que l\'eau commence à bouillir, casser les oeufs avec soin dans l\'eau. \r\nLes laisser cuire 3 minutes environ en veillant à ce que l\'eau frémisse sans bouillir. \r\nRetirer les oeufs pochés avec une écumoire.\r\nLes plonger dans un récipient d\'eau tiède.\r\nElle arrêtera leur cuisson tout en les gardant au chaud.\r\n\r\nLe gratin :\r\nFaire chauffer le four à 180°C ou th 6.\r\nFaire chauffer 50 grammes de beurre dans un sautoir. \r\nQuand le beurre est de couleur noisette, ajouter les épinards. \r\nLes faire sauter à feu doux 5 minutes. \r\nVérifier et rectifier l\'assaisonnement si nécessaire.\r\nBeurrer un plat allant au four. \r\nLe garnir avec les épinards.\r\nSortir les oeufs pochés de l\'eau tiède. \r\nLes mettre sur une serviette afin qu\'ils s\'égouttent. \r\nCouper les filaments des oeufs qui peuvent dépasser.\r\nDisposer les oeufs sur les épinards.\r\nLes napper avec la sauce Mornay. \r\nPasser le plat 3 minutes à four chaud afin de les faire gratiner. \r\nServir dès la sortie du four dans le plat de cuisson.', 'Recette de Picardie', 'validee', 'oeufs_poches_florentine.jpg', '2017-08-08'),
(34, 1, 12, 'Mouton mijoté aux pommes de terre', 'viande', '3', '00:20:00', '02:00:00', 4, '- 500 GRAMMES DE MOUTON.\r\n\r\n- 3 OIGNONS.\r\n\r\n- 500 GRAMMES DE POMMES DE TERRE.\r\n\r\n- 1 GOUSSE D\'AIL.\r\n\r\n- 1 BOUQUET GARNI.\r\n\r\n- SEL FIN DE CUISINE.\r\n\r\n- POIVRE DU MOULIN.', 'Émincer grossièrement l\'ail et les oignons puis les disposer dans une cocotte.\r\nDétailler la viande en morceaux, l\'ajouter au contenu de la cocotte avec le bouquet garni et 1 ou 2 pommes de terre.\r\nRecouvrir d\'eau à hauteur, saler poivrer et couvrir.\r\nLaisser mijoter 1 h 30 puis écraser les pommes de terre cuites dans le jus de cuisson.\r\nAjouter les pommes de terre restantes coupées en dés, couvrir et poursuivre la cuisson durant 1 heure.', 'Recette de Picardie', 'validee', 'mijote_de_mouton_aux_pommes_de_terre.jpg', '2017-08-09'),
(35, 1, 12, 'Ficelle picarde', 'viande', '3', '00:30:00', '00:35:00', 4, 'POUR 12 CRÊPES :\r\n180 GRAMMES DE FARINE TAMISÉE,\r\n6 TRANCHES DE JAMBON CUIT,\r\n250 GRAMMES DE CHAMPIGNONS DE PARIS,\r\n3 ÉCHALOTES GRISES,\r\n100 GRAMMES DE BEURRE,\r\n3 ŒUFS EXTRA FRAIS, 2 JAUNES D’ŒUFS EXTRA FRAIS,\r\n75 CL DE LAIT,\r\n25 CL DE CRÈME FRAÎCHE,\r\n75 GRAMMES D\'EMMENTHAL RÂPÉ,\r\n1 PINCÉE DE NOIX DE MUSCADE RÂPÉE,\r\nSEL FIN DE CUISINE, \r\nPOIVRE BLANC MOULU.', 'Préparer la pâte à crêpes avec 150 grammes de farine, les œufs entiers, le jaune d\'oeuf, la moitié du lait et 1 pincée de sel. \r\nLaisser reposer un moment avant de faire cuire les crêpes et de les réserver. \r\nNettoyer et laver les champignons. \r\nCouper en fines lamelles. \r\nPeler les échalotes et hacher menu. \r\nFaire fondre les échalotes dans 50 grammes de beurre. \r\nAjouter les champignons. \r\nSaler et poivrer \r\nAjouter la noix de muscade.\r\nLaisser cuire, à couvert, sur feu doux, pendant 20 minutes. \r\nConfectionner un roux avec 30 grammes de beurre et 30 grammes de farine. \r\nLaisser refroidir, puis incorporer le reste de lait, bouillant.\r\nAjouter 10 cl de crème. \r\nEnfin, mélanger les champignons à la sauce obtenue. \r\nGarnir chaque crêpe de cette sauce. \r\nDéposer dessus une demi-tranche de jambon. \r\nRecouvrir de sauce. \r\nRouler ensuite la crêpe et déposer dans un plat beurré. \r\nUne fois toutes les crêpes garnies, napper avec le reste de crème fraîche. \r\nSaupoudrer de fromage râpé. \r\nParsemer avec le reste de beurre, en noisettes. \r\nFaire gratiner, sous le gril du four, pendant 8 minutes. \r\nServir aussitôt.\r\n', 'Recette Picarde', 'validee', 'ficelle_picarde.jpg', '2017-08-10'),
(36, 1, 12, 'Gratin d\'épinards de la vallée de l\'Aisne', 'vegetarien', '2', '00:10:00', '00:20:00', 4, '1 KG D\'ÉPINARDS HACHÉS SURGELÉS À LA CRÊME,\r\n50 CL DE SAUCE BÉCHAMEL,\r\n100 GRAMMES DE GRUYÈRE RÂPÉ,\r\n3 OEUFS EXTRA FRAIS,\r\n1 LITRE D\'EAU,\r\n120 GRAMMES CROÛTONS À L\'AIL,\r\n1 CUILLÈRE À SOUPE DE GROS SEL,\r\nPOIVRE EN DU MOULIN.', 'Faire bouillir 1 litre d\'eau avec 1 cuillère à soupe de gros sel.\r\nPréchauffer le four à 180°C ou th 6.\r\nDès l\'ébulition, y mettre les oeufs à l\'aide d\'une cuillère.\r\nLes cuire 12 minutes. \r\nLes ressortir avec une écumoire.\r\nLes refroidir sous l\'eau froide et les écaler.\r\nPrendre une autre casserole.  \r\nY faire cuire les épinards à cru avec une noix de beurre.\r\nSaler, poivrer.\r\nHors du feu incorporer les 50 cl de béchamel.\r\nRajouter le gruyère râpé.\r\nCouper les oeufs en deux dans le sens de la longeur.\r\nLes mettre au fond d\'un plat.\r\nMettre les  jaunes en bas.\r\nPuis, les recouvrir du mélange.\r\nPasser les épinards au four 10 minutes.\r\nLes faire gratiner . \r\nDéguster avec du poisson.', 'Recette de Picardie', 'validee', 'gratin_epinards_vallee_de_aisne.jpg', '2017-08-11'),
(37, 2, 13, 'Crème de laitue aux oeufs de poisson', 'vegetarien', '2', '00:20:00', '01:30:00', 6, '4 LAITUES BIEN FRAÎCHES,\r\n1 OIGNON JAUNE,\r\n1 BOUQUET GARNI,\r\n1 CAROTTE,\r\n80 CL DE BOUILLON DE POULE,\r\n25 CL DE CRÈME FRAÎCHE,\r\n100 GRAMMES DE POITRINE FUMÉE,\r\n50 GRAMMES DE BEURRE,\r\n120 GRAMMES DE CAVIAR,\r\nSEL FIN DE CUISINE,\r\nPOIVRE BLANC MOULU.', 'Laver les laitues.\r\nLes fendre en deux. \r\nLes plonger dans 2 litres d\'eau bouillante salée 1 minute. \r\nLes égoutter.\r\nLes rafraîchir sous l\'eau froide. \r\nHacher menu l\'oignon et la carotte. \r\nDécouper la poitrine fumé en dés.\r\nPrendre une casserole.  \r\nY faire fondre le beurre avec l\'oignon, la carotte, la poitrine fumée en dés et les 3 laitues ciselées. \r\nFaire étuver à couvert sur le feux doux.\r\nCuire 15 minutes sans coloration. \r\nMouiller avec le bouillon de volaille.\r\nAjouter de la crème fraîche et le bouquet garni. \r\nFaire cuire 1 heure à feu doux.\r\nBien mixer.\r\nMettre le potage en soupière, déposer le caviar sur le liquide.\r\nOn peut remplacer le caviar d\'esturgeon, par des oeufs de hareng, de lumpes noirs ou rouge, desoeufs de saumon, de cabillaud et même d\'escargots.\r\n', 'Recette alsacienne', 'validee', 'creme_de_laitue_aux_oeufs_de_poisson.jpg', '2017-08-12'),
(38, 2, 13, 'Chapon au rielsing', 'viande', '5', '00:30:00', '00:00:00', 8, '1 BEAU CHAPON DE 4 KG,\r\n500 GRAMMES D\'ÉCHALOTES GRISES,\r\n1 BOUTEILLE DE RIESLING,\r\n1 BOCAL DE MORILLES OU MORILLES SÉCHÉES,\r\n500 GRAMMES DE CRÈME FRAICHE,\r\n1 PAQUET DE MARRONS PRÉ-CUITS SOUS VIDE,\r\nSEL FIN DE CUISINE, \r\nPOIVRE NOIR EN GRAINS DU MOULIN.', 'La veille, découper le chapon en morceaux. \r\nLier ensemble la carcasse et les ailerons qui cuiront avec les morceaux nobles pour donner du jus. \r\nFaire revenir les morceaux soigneusement dans un peu de beurre salé, dans une cocotte en fonte assez grande. \r\nSi le chapon est de bonne qualité, la peau doit se crisper comme celle d\'un magret de canard. \r\nLaisser bien fondre la graisse. \r\nQuand tous les morceaux sont revenus, ajouter les échalotes ciselées fines les laisser fondre.\r\nSaler et poivrer. \r\nAjouter la bouteille de vin de paille.Laisser cuire doucement, à couvert 1 heure 30.\r\nLaisser refroidir et confire une nuit. \r\n\r\nLe lendemain, enlever une bonne partie de la graisse qui est remontée sur le dessus.\r\nLa réserver dans une sauteuse. \r\nFaire sauter les marrons dans cette graisse. Reserver. \r\nEnlever les morceaux de chapon. \r\nJeter la carcasse. \r\nFaire réduire un peu la sauce et ajuster l\'assaisonnement. \r\nÉcraser 2 ou 3 marrons dans la sauce pour la lier. \r\nRemettre les morceaux de chapon et laisser réchauffer doucement. \r\nPendant ce temps, rincer les morilles si elles sont en bocal ou bien faire gonfler les morilles sechées dans de l\'eau tiède environ 45 minutes et bien les rincer. \r\nDans une petite casserole, mélanger la crème, un peu de sauce et les morilles et faire chauffer.\r\n\r\nDresser dans un plat de service les morceaux de chapon, les marrons.\r\nNapper avec la sauce aux morilles. ', 'Recette venue d\'Alsace', 'validee', 'chapon au riesling.jpg', '2017-08-13'),
(39, 2, 13, 'Baeckeoffe', 'viande', '3', '00:30:00', '02:30:00', 4, '500 GRAMMES D\'ÉPAULE DE MOUTON OU D\'AGNEAU,\r\n500 GRAMMES D\'ÉPAULE DE PORC SALÉE,\r\n500 GRAMMES D\'ÉPAULE DE BOEUF,\r\n1 PIED DE COCHON,\r\n2,5 KG DE POMMES DE TERRE,\r\n2 POIREAUX,\r\n2 CAROTTES,\r\n1 CÈLERI,\r\n6 GOUSSES D\'AIL,\r\n400 GRAMMES D\'OIGNONS JAUNES,\r\n3 FEUILLES DE LAURIER,\r\n3 CLOUS DE GIROFLE,\r\n5 BAIES DE GENÉVRIER,\r\n1 L DE VIN BLANC ALSACIEN TYPE RIESLING OU SYLVANER,\r\nSEL FIN DE CUISINE,\r\nPOIVRE NOIR EN GRAINS DU MOULIN.', 'Couper en petit dés l\'épaule d\'agneau, de porc, de boeuf ainsi que le pied de porc.\r\nÉplucher et tailler en rondelle les pommes de terre, les poireaux, les carottes et le cèleri.\r\nÉmincer les oignons.\r\nÉcraser les gousses d\'ail.Préchauffer le four à 180°C th 6.\r\nMettre le tout par couches successives dans une grande cocotte allant au four en commençant par la viande mais sans mettre la dernière couche de pomme de terre, la conserver.\r\nL\'assaisonner entre chaque couche.\r\nLaisser macérer toute la nuit à température ambiante.\r\nLe lendemain, rajouter la couche de pommes de terre en rondelles.\r\nCouvrir et mettre au four 2 heures 30 .\r\nServir avec une salade verte.', 'Recette alsacienne', 'validee', 'baeckeoffe.jpg', '2017-08-14'),
(40, 2, 14, 'Choucroute de poissons', 'poisson', '3', '00:20:00', '00:45:00', 4, '1 KG DE CHOUCROUTE CRUE, \r\n400 GRAMMES DE FILETS DE BAR,\r\n400 GRAMMES DE LOTTE, \r\n8 COQUILLES SAINT\r\n- JACQUES,\r\n1 LITRE DE MOULES DE BOUCHOT\r\n30 CL DE CRÈME FRAÎCHE, \r\n35 CL DE RIESLING,\r\n50 GRAMMES DE BEURRE,\r\n12 BAIES DE GENIÈVRE,\r\nSEL DE CUISINE,\r\nPOIVRE NOIR EN GRAINS DU MOULIN.', 'La bonne choucroute se prépare la veille :\r\nRemplir au 3/4 d\'eau un autocuiseur.\r\nLe porter à ébullition.\r\nMettre la choucroute faire bouillir cinq minutes.\r\nPuis, l\'égoutter.\r\nDans le fond de l\'autocuiseur déposer une noix de beurre et une couche de choucroute.\r\nSaler poivrer.\r\nAjouter quelques baies de genièvre.\r\nRecommencer l\'opération pour le reste de la choucroute.\r\nVerser enfin le vin blanc. \r\nFermer l\'autocuiseur, cuisson à feu doux.\r\nCompter 30 à 40 minutes après le sifflement d la soupape. \r\nAttendre encore 10 minutes avant d\'ouvrir.\r\n\r\nFaire un court bouillon :\r\nMettre le poisson dans le jus froid.\r\nN\'ajouter les coquilles Saint Jacques qu\'au premier frémissement.\r\nNe les laisser cuire que 4 minutes.\r\n\r\nFinition :\r\nPorter la crème à ébullition quelques minutes en remuant.\r\nLa poivrer et la saler.\r\nBien mélanger la choucroute.\r\nDisposer la choucroute dans un grand plat.\r\nLa napper généreusement de la sauce.\r\nRajouter dessus le poisson, et les coquillages.\r\nUtiliser le même vin que pour la cuisson pour accompagner ce plat.\r\nOn peut aussi rajouter des crustacés comme les langoustines, homard, langostes, crevttes, gambas etc...\r\nPersonnellement j\'accompagne toujours ma choucroute de poisson d\'un beurre blanc alsacien monté au vin d\'Alsace.', 'Recette d\'Alsace', 'validee', 'choucroute_de_poissons.jpg', '2017-08-15'),
(41, 2, 14, 'Flammenkuche', 'viande', '2', '00:25:00', '00:25:00', 6, '1 PÂTE À PIZZA,\r\n2 BEAUX OIGNONS,\r\n300 GRAMMES DE LARDONS FUMÉS,\r\n40 CL DE CRÈME FRAÎCHE SEMI ÉPAISSE DE PRÉFÉRENCE, \r\n15 CL DE VIN BLANC DE CUISINE,\r\n150 GRAMMES DE FROMAGES DE GRUYÈRE, D\'EMMENTAL, OU COMTÉ.', 'Étaler la pâte. \r\nCouper finement les oignons.\r\nFaire blondir les lardons dans une poêle.\r\nAjouter les oignons ainsi que le vin blanc.\r\nBien laisser réduire.\r\nBadigeonner la pâte à pizza de crème .\r\nLa poivrer. \r\nY déposer la préparation lardons, les oignons et le vin blanc. \r\nBien répartir partout. \r\nRecouvrir de fromage la surface du plat. \r\nEnfourner à four chaud 200°C ou th 7 minimum.', 'Recette d\'Alsace', 'validee', 'la_flammenkuche_alsacienne.jpg', '2017-08-16'),
(42, 2, 15, 'Rables de lapin à la moutarde violette', 'viande', '2', '00:20:00', '00:40:00', 4, '- 4 RÂBLES DE LAPIN,\r\n- 1 PETIT POT DE MOUTARDE VIOLETTE DE BRIVE EN ÉPICERIE FINE,\r\n- 6 ÉCHALOTES GRISES,\r\n- 40 CL DE VIN BLANC TYPE RIESLING OU MÊME CHAMPAGNE,\r\n- 15 CL D\'HUILE D\'OLIVE,\r\n- SEL FIN DE CUISINE,\r\n- POIVRE NOIR EN GRAINS DU MOULIN.', 'Parer less râbles puis les saler et poivrer sur toutes les faces.\r\n\r\nLes badigeonner ensuite avec la moutarde puis les laisser de côté une heure environ.\r\n\r\nDans une cocotte en fonte, faire chauffer l\'huile.\r\n\r\nY mettre les râbles à cuire.\r\n\r\nCouvrir avec le vin jusqu\'à hauteur des râbles,(il se peut qu\'il faille plus ou moins de 40 cl de vin. \r\n\r\nAjouter les échalotes coupées grossièrement.\r\n\r\nLaisser mijoter à petit bouillon pendant 40 minutes\r\n\r\nLe râble ne nécessite pas beaucoup de cuisson.', 'Recette d\'Alsace', 'validee', 'rables_de_lapin_a_la_moutarde_violette.jpg', '2017-08-17'),
(43, 2, 16, 'Choucroute royale', 'viande', '2', '00:30:00', '03:30:00', 8, '1,5 KG DE CHOUCROUTE,\r\n6 POMMES DE TERRE,\r\n1 PALETTE DE PORC FUMÉE,\r\n700 G DE CARRÉ DE PORC SALÉ,\r\n6 SAUCISSES DE STRASBOURG,\r\n400 G DE LARD FUMÉ,\r\n1 PETIT JAMBONNEAU ,\r\n250 G DE SAUCISSE BLANCHE,\r\n10 QUENELLES DE FOIE,\r\n100 G DE GRAISSE D’OIE, DE SAINDOUX OU D’HUILE,\r\n2 OIGNONS,\r\n1 GOUSSE D’AIL,\r\n1 FEUILLE DE LAURIER,\r\n10 CL DE RIESLING,\r\n25 CL DE BOUILLON,\r\n10 BAIES DE GENIÈVRE,\r\nCLOUS DE GIROFLE,\r\nSEL ET POIVRE', 'Faire blanchir la choucroute quelques secondes dans de l’eau bouillante.\r\nLaver plusieurs fois la choucroute en prenant soin de la séparer.\r\nPlus la choucroute sera lavée, moins elle sera acide.\r\nPresser soigneusement la choucroute pour en retirer toute l’eau.\r\nDans une cocotte, faire revenir les oignons dans la graisse d’oie.\r\nY ajouter la choucroute ainsi qu’un sachet en toile de lin contenant la gousse d’ail, le laurier, les clous de girofle et les baies de genièvre.\r\nAjouter le bouillon et le Riesling.\r\nSaler et laisser cuire 1 heure à couvert et à feu doux. \r\nRemuer la choucroute et ajouter le lard et le carré de porc. \r\nLaisser à nouveau cuire 1h30 en ajoutant du liquide si nécessaire. \r\nPendant ce temps, cuire la palette de porc 1h30 dans de l’eau bouillante. \r\nEplucher les pommes de terre et les placer au dessus du contenu de la cocotte.\r\nLaisser cuire encore 30 minutes.\r\nPendant ce temps, pocher les saucisses de Strasbourg, le jambonneau et les quenelles de foie. \r\nFaire griller par ailleurs la saucisse blanche. \r\nDresser la choucroute accompagnée de sa garniture sur un plat de service.', 'Recette d\'Alsace', 'validee', 'choucroute_royale.jpg', '2017-08-18'),
(44, 2, 16, 'Suprêmes de volailles sauce au munster', 'viande', '2', '00:15:00', '00:20:00', 4, '4 ESCALOPES DE POULET,\r\n30 GRAMMES DE BEURRE DEMI SEL,\r\nSEL FIN DE CUISINE,\r\nPOIVRE NOIR EN GRAINS DU MOULIN.\r\n\r\nSAUCE AU MUNSTER :\r\n100 GRAMMES DE MUNSTER,\r\n16 CL DE VIN BLANC,\r\n10 CL DE CRÈME FRAÎCHE LIQUIDE,\r\n2 PINCÉES DE CUMIN,\r\nSEL FIN DE CUISINE,\r\nPOIVRE NOIR EN GRAINS DU MOULIN.', 'Faire la sauce au munster.\r\nÉcroûter le munster.\r\nLe couper en morceaux. \r\nLe déposer dans une petite casserole avec le vin blanc et la crème fraîche. \r\nFaire fondre à feu doux.\r\nPuis augmenter l\'intensité du feu de manière à obtenir une sauce onctueuse. \r\nAjouter le cumin.\r\nBien assaisonner.\r\nDans une poêle, faire fondre le beurre.\r\nY déposer et cuire les escalopes 5 minutes de chaque côté . \r\nBien assaisonner.\r\nDresser les escalopes sur assiettes chaudes.\r\nLes napper de sauce au Munster.\r\n', 'Recette d\'Alsace', 'validee', 'supremes_de_volailles_sauce_au_munster.jpg', '2017-08-19'),
(45, 2, 17, 'Dampfnudles', 'vegetarien', '3', '01:30:00', '00:20:00', 4, 'POUR LA PÂTE AU LEVAIN :\r\n\r\n- 500 GRAMMES DE FARINE.\r\n\r\n- 10 GRAMMES DE SEL FIN DE CUISINE.\r\n\r\n- 80 GRAMMES DE SUCRE SEMOULE.\r\n\r\n- 20 GRAMMES DE LEVURE DE BOULANGER.\r\n\r\n- 1 ŒUF EXTRA FRAIS.\r\n\r\n- 150 GRAMMES DE BEURRE RAMOLLI.\r\n\r\n- 1 GRAND VERRE DE LAIT.', 'Préparer la pâte au levain comme suit : \r\nDélayer la levure dans un peu de lait. \r\nAjouter 2 cuillerées de farine et mélanger jusqu\'à obtenir une pâte molle.\r\nLaisser reposer dans un endroit tiède jusqu\'à ce que le volume est doublé. \r\nVerser le reste de farine dans une terrine.\r\nCreuser un puits et introduire le sel, le sucre, l\'oeuf et le reste de lait. \r\nPétrir vigoureusement pendant 10 minutes puis incorporer le beurre ramolli. \r\nContinuer à battre jusqu\'à ce que la pâte se détache de la paroi de la terrine. \r\nMélanger le petit levain à la pâte.\r\nLaisser lever jusqu\'à ce qu\'elle ait doublé de volume. \r\n\r\nLorsque la pâte est prête à être utilisée, préparer les dampfnudles comme suit : \r\nAbaisser la pâte au rouleau jusqu\'à l\'épaisseur d\'un doigt. \r\nDécouper des ronds à l\'aide d\'un verre ou d\'un emporte-pièce. \r\nLes laisser reposer et lever pendant 30 minutes. \r\nFaire chauffer l\'huile dans une cocote. \r\nDès qu\'elle est chaude, y placer les rondelles sans qu\'elles se touchent. \r\nAjouter rapidement l\'eau ou le lait et couvrir d\'un couvercle immédiatement. \r\nLaisser cuire jusqu\'à ce qu\'une petite croûte dorée se forme à la surface. \r\nEnlever le couvercle en évitant que les gouttes d\'eau dues à la condensation ne tombent sur les gâteaux. \r\n\r\nLes disposer dans un plat préchauffé et saupoudrer de sucre additionné de cannelle. \r\n', 'Recette d\'Alsace', 'validee', 'dampfnudles.jpg', '2017-08-20'),
(46, 2, 17, 'Baeckoff de poissons', 'poisson', '3', '00:30:00', '02:00:00', 2, '- 700 GRAMMES DE LOTTE,\r\n\r\n- 700 GRAMMES DE SAUMON,\r\n\r\n- 700 GRAMMES DE PERCHE,\r\n\r\n- 6 CAROTTES,\r\n\r\n- 4 POIREAUX,\r\n\r\n- 2 OIGNONS,\r\n\r\n- 2 KG DE POMMES DE TERRE CHARLOTTE,\r\n\r\n- 3 CAPSULES DE SAFRAN,\r\n\r\n- 50 CL DE CRÈME LIQUIDE ALLÉGÉE,\r\n\r\n- 1 BOUTEILLE DE VIN BLANC SEC RIESLING,\r\n\r\n- 1 CITRON SANS PÉPIN,\r\n\r\n- FUMET DE POISSON EN POUDRE,\r\n\r\n- SEL FIN DE CUISINE, \r\n\r\n- POIVRE NOIR EN GRAINS DU MOULIN.', 'La veille, mariner les poissons en morceaux dans le vin blanc, le jus de citron le sel et le poivre.Le jour même, faire revenir dans du beurre les oignons, les poireaux et les carottes en julienne. \r\nSaler et poivrer.\r\nPeler les pommes de terre et les couper en rondelles.\r\nDans une grande terrine, alterner :\r\n\r\n1 couche de pommes de terre, 1 couche le poissons1 couche de légumes, plusieurs foisTerminer par 1 couche de pommes de terre en salant chaque couche.\r\nCouvrir de la marinade additionnée de 2 cuillèrées à soupe de fumet de poisson et d\'1 verre d\'eau. \r\nFermer la terrine et cuire 1 h 30 au four à 230°C (thermostat 7/8).\r\nMélanger la crème, le safran, 3 cuillerées à café de fumet de poisson et 3 cuillerées à soupe de farine.\r\nAprès 1h30 de cuisson sortir la terrine. \r\nVerser le mélange de crème et remettre à cuire 30 minutes.', 'Recette d\'Alsace', 'validee', 'baeckoff_de_poissons.jpg', '2017-08-21'),
(47, 2, 17, 'Carpe pochée au Ménetou, brunoise de légumes', 'poisson', '2', '00:25:00', '00:50:00', 6, '- 1,5 KG DE FILET DE CARPE,\r\n\r\n- 1 L DE IVN DE MÉNETOU SALON ROUGE,\r\n\r\n- 1 L DE FUMET DE POISSON,\r\n\r\n- 1 KG DE POIREAUX,\r\n\r\n- 800 GRAMMES DE COURGETTES,\r\n\r\n- 600 GRAMMES DE CAROTTES,\r\n\r\n- 600 GRAMMES DE CÉLERI,\r\n\r\n- 100 GRAMMES DE BEURRE,\r\n\r\n- 1 ÉTOILE DE BADIANE,\r\n\r\n- 3 PINCÉES DE CANNELLE,\r\n\r\n- 3 PINCÉES DE CINQ ÉPICES,\r\n\r\n- GROS SEL DE MER,\r\n\r\n- POIVRE EN GRAINS AU MOULIN.', 'Tailler en brunoise 400 grammes de poireau, de carotte et de céleri. \r\n\r\n\r\n\r\nRécupérer le vert de courgette, les tailler en brunoise. \r\n\r\n\r\n\r\nFaire cuire individuellement ces légumes à l\'anglaise. \r\n\r\n\r\n\r\nRassembler ces légumes, assaisonner, ajouter les épices, badiane, cannelle et cinq épices et étuver au beurre. \r\n\r\n\r\n\r\nTailler 200 grammes de poireau en julienne.\r\n\r\n\r\n\r\nFaire frire. \r\n\r\n\r\n\r\nFlamber le vin de Ménetou dans une casserole à part. \r\n\r\n\r\n\r\nRéunir le vin et le fumet et laisser réduire. \r\n\r\n\r\n\r\nMonter au beurre,assaisonner. \r\n\r\n\r\n\r\nTailler les filets en escalopes de 150 grammes, les faire sauter au beurre clarifié ou à l\'huile d\'olive. \r\n\r\n\r\n\r\nDans une grande assiette, déposer les brunoises au centre. \r\n\r\n\r\n\r\nPoser le filet sur les brunoises et la sauce autour. Décorer avec les poireaux et de la ciboulette ciselée.', 'Recette de Champagne Ardennes', 'validee', 'carpe_pochee_menetou.jpg', '2017-08-06'),
(48, 2, 18, 'Salade de pommes de terre à la petite andouille en croûte des saloirs', 'viande', '2', '00:30:00', '00:30:00', 4, '800 GRAMMES DE POMMES DE TERRE PRIMEUR, \r\n300 GRAMMES DE PETITE ANDOUILLE EN CROÛTE DE JOSSELIN, \r\n250 GRAMMES D\'ÉCHALOTES GRISES,\r\n10 CL DE VINAIGRE DE VIN, \r\n100 GRAMMES DE BEURRE, \r\n0,25 L DE LAIT, \r\n1/4 DE BOUQUET DE PERSIL PLAT, \r\n1/4 DE BOUQUET DE CERFEUIL, \r\n1/4 DE BOUQUET DE CIBOULETTE, \r\n4 BRINS D\'ESTRAGON, \r\n1 GOUSSE D\'AIL, \r\n1 BRIN DE THYM, \r\n3 FEUILLES DE LAURIER SAUCE, \r\n5 CL DE VINAIGRETTE À LA MOUTARDE, \r\nSEL FIN DE CUISINE, \r\nPOIVRE NOIR EN GRAIN AU MOULIN. ', 'Laver les pommes de terre.\r\nLes faire cuire à l\'eau salée avec l\'ail, le thym et le laurier 20 minutes. \r\nEplucher les échalotes.\r\nLes détacher feuille par feuille, en ne conservant que celles de taille moyenne.\r\nLes faire cuire dans le lait 5 minutes.\r\nLes égoutter. \r\nLes faire revenir à la poêle dans une noix de beurre sur feu vif.\r\nLes déglacer au vinaigre.\r\nAjouter quelques feuilles de persil plat hachées. \r\nRéserver au chaud. \r\nEplucher les pommes de terre.\r\nLes écraser grossièrement à la fourchette.\r\nLes lier légèrement avec du beurre.\r\nFormer de petites galettes.\r\nLes faire dorer avec du beurre dans une poêle à revêtement antiadhésif, jusqu\'à ce qu\'elles soient croustillantes, 4 minutes sur chaque face . \r\nDétailler l\'andouille en tranches épaisses.\r\nLes faire blondir à la poêle dans du beurre, d\'un seul côté. \r\nMélanger échalotes et pommes de terre.\r\nVerser dans le plat de service. \r\n\r\nDisposer les tranches d\'andouille sur le dessus, une salade d\'herbes effeuillées au centre. \r\nArroser le tout de la vinaigrette moutardée.', 'Recette de Champagne Ardennes', 'validee', 'salade_de_pommes_de_terre_a_la_petite_andouille.jpg', '2017-08-05'),
(49, 2, 19, 'Echine de porc à la sauge', 'viande', '3', '00:20:00', '00:00:00', 6, '- 1 RÔTI DE PORC DE 1,5 KG DANS L\'ÉCHINE,\r\n- 6 BAIES DE GENIÈVRE,\r\n- 3 ÉCHALOTES,\r\n- 2 DOUZAINES DE FEUILLES DE SAUGE FRAÎCHE,\r\n- 10 CL D\'HUILE D\'ARACHIDE,\r\n- 10 CL DE VIN BLANC SEC,\r\n- SEL FIN DE CUISINE,\r\n- POIVRE NOIR AU MOULIN.\r\n', 'Préchauffer le four à 200°.\r\n\r\nEcraser grossièrement les baies de genièvre avec un rouleau à pâtisserie, mais sans les réduire en poudre. \r\n\r\nInciser le dessus du rôti de porc, à intervalles réguliers, avec un couteau pointu pour y parsemer les baies de genièvre concassées. \r\n\r\nPeler les échalotes et les émincer finement. \r\n\r\nLes mélanger avec la moitié des feuilles de sauge. \r\n\r\nFaire quelques entailles un peu plus profondes dans le rôti de porc pour y tasser le reste des feuilles de sauge.\r\n\r\nHuiler un plat creux allant au four et parsemer le fond avec le mélange d\'échalotes et de sauge.\r\n\r\nPoser le rôti dessus, saler et poivrer. \r\n\r\nEnfourner le rôti à mi-hauteur et le faire cuire 1 heure 30. \r\n\r\nPour savoir si le rôti est bien cuit, enfoncer une aiguille à brider dans la viande, le jus qui perle doit être rose pâle. \r\n\r\nRetirer le rôti du plat de cuisson et le poser dans le plat de service, le remettre dans le four éteint, porte fermée, 8 minutes.\r\n\r\nPendant ce temps, déglacer le plat de cuisson en ajoutant le vin blanc et gratter les sucs avec une spatule, sur feu vif, pour obtenir la sauce. \r\n\r\nOn peut la passer si on le désire, mais ce n\'est pas nécessaire. \r\n\r\nGoûter et rectifier l\'assaisonnement. \r\n\r\nDécouper le rôti en tranches assez épaisses et les napper de sauce. \r\n\r\nServir chaud avec des pommes de terre sautées.', 'Recette de Champagne Ardennes', 'validee', 'echine_porc_sauge.jpg', '2017-08-04'),
(50, 2, 19, 'Coq au Bouzy', 'viande', '3', '00:30:00', '02:30:00', 6, '- 1 COQ DE FERME DE 2 KG.\r\n\r\n- 150 GRAMMES DE LARD DE POITRINE FUMÉ.\r\n\r\n- 200 GRAMMES DE CHAMPIGNONS.\r\n\r\n- 4 CAROTTES.\r\n\r\n- 1 OIGNON JAUNE.\r\n\r\n- 20 CL DE BOUZY ROUGE.\r\n\r\n- 1 BOUQUET GARNI.\r\n\r\n- 2 CUILLÈRES À SOUPE D\'HUILE.\r\n\r\n- 30 GRAMMES DE BEURRE.\r\n\r\n- GROS SEL DE CUISINE.\r\n\r\n- POIVRE NOIR EN GRAINS AU MOULIN.', 'La veille :\r\nDécouper le coq en morceaux. \r\nPeler, couper en rondelles l\'oignon et les carottes. \r\nMettre dans un saladier avec le bouquet garni et les morceaux de volaille.\r\nY verser le vin rouge de Bouzy.\r\nBien remuer.\r\nLaisser les morceaux de coq reposer au frais 12 heures.\r\n\r\nLe lendemain :  \r\nÉgoutter, éponger les morceaux de volaille. \r\nFaire fondre le beurre avec un peu d\'huile dans une cocotte.\r\nY poser les morceaux de coq.\r\nLes faire revenir en ajoutant peu à peu le lard coupé en bâtonnets. \r\nLorsque les morceaux sont bien dorés, verser la marinade dans la cocotte.\r\nPuis, ajouter les champignons nettoyés et coupés en morceaux. \r\nCouvrir la cocotte.\r\nLa laisser mijoter tout doucement 3 heures.\r\n\r\nService du coq :\r\nLa sauce doit être très réduite et onctueuse, les morceaux de volaille bien fondants. \r\nRetirer le bouquet garni.\r\nRectifier l\'assaisonnement.\r\nServir le coq au Bouzy dans une assiette bien chaude.', 'Recette de Champagne Ardennes', 'validee', 'coq_au_bouzy.jpg', '2017-08-03'),
(51, 2, 20, 'Cuisses de grenouilles au champagne', 'viande', '2', '00:20:00', '00:20:00', 4, '3 DOUZAINES DE CUISSES DE GRENOUILLES,\r\n1 CUILLÈRE À SOUPE DE CIBOULETTE,\r\n1 CUILLÈRE À SOUPE DE PERSIL,\r\n2 ÉCHALOTES GRISES,\r\n20 CL DE COURT-BOUILLON DE POISSON,\r\n20 CL DE CRÈME FRAÎCHE,\r\n200 GRAMMES DE BEURRE,\r\n30 CL DE CHAMPAGNE,\r\n4 JAUNES D\'OEUFS EXTRA FRAIS,\r\n1 JUS DE 1/2 CITRON,\r\n15 GRAMMES DE SEL FIN DE CUISINE, \r\n5 GRAMMES DE POIVRE NOIR EN GRAINS AU MOULIN.', 'Laver, essorer, hacher les herbes. \r\nÉplucher, émincer finement les échalotes.\r\nPrendre une sauteuse.\r\nFaire revenir les cuisses de grenouille avec 100 grammes de beurre. \r\nAjouter les échalotes, le champagne et le court-bouillon. \r\nLaisser cuire 10 minutes. \r\nSortez à l\'écumoire les cuisses. \r\nLes égoutter. \r\nLes réserver au chaud. \r\nPasser le liquide de cuisson au chinois. \r\nLe réduire sur feu moyen 5 minutes.\r\nHors du feu, lier la sauce avec la crème et les jaunes d\'oeufs.\r\nPuis, chauffer sur feu très doux. \r\nMonter au fouet avec le reste de beurre. \r\nAjouter le jus de citron. \r\nReplacer les cuisses de grenouilles.\r\nLes faire réchauffer sans bouillir. \r\nAu moment de servir, saupoudrer de persil et de ciboulette hachés.\r\nPour des grenouilles surgelées, les faire décongeler entièrement avant de les cuisiner. \r\n', 'Recette de Champagne Ardennes', 'En attente', 'cuisses_de_grenouilles_au_champagne.jpg', '2017-08-02');
INSERT INTO `recipes` (`id_recipe`, `id_region`, `id_user`, `title`, `star_ingredient`, `difficulty`, `prep_time`, `cook_time`, `portion`, `ingredients`, `methods`, `story`, `status`, `picture_recipe`, `date_recipe`) VALUES
(52, 2, 20, 'Chevreuil sauce grand veneur', 'viande', '3', '00:35:00', '01:20:00', 6, '800 GRAMMES DE FILET DE CHEVREUIL\r\n150 GRAMMES DE JAMBON DE PAYS\r\n100 GRAMMES DE LARDONS\r\n2 CUILLÈRES À SOUPE D\'HUILE\r\n50 GRAMMES DE BEURRE\r\n2 CAROTTES MOYENNES\r\n1 OIGNON JAUNE,\r\n2 GOUSSES D\'AIL,\r\n2 BRANCHES DE CÉLERI ,\r\n1 CUILLÈRE À SOUPE DE FARINE TAMISÉE,\r\n10 CUILLÈRES À SOUPE DE VINAIGRE DE VIN,\r\n1 BOUQUET GARNI,\r\n20 CL DE CRÈME FRAÎCHE LIQUIDE,\r\n2 CUILLÈRES À SOUPE DE GELÉE DE GROSEILLE,\r\n1 CUILLÈRE À CAFÉ DE CORIANDRE EN GRAINS,\r\nSEL FIN DE CUISINE,\r\n1 CUILLÈRE À SOUPE DE POIVRE EN GRAINS.', 'Préparer la sauce :\r\nHacher le jambon et les lardons.\r\nLes mettre à revenir dans une casserole avec 1 cuillère à soupe d\'huile pendant 15 minutes.\r\nPendant ce temps préparer les condiments.\r\nHacher les carottes, l\'oignon et l\'ail ainsi que le céleri.\r\nPuis, les ajouter dans la casserole.\r\nLes faire fondre 5 minutes.\r\nPuis, incorporer le poivre, la coriandre et la farine tamisée.\r\nAjouter le vinaigre.\r\nPorter à ébullition.\r\nLaisser réduire de moitié.\r\nAjouter alors 50 cl d\'eau et le bouquet garni.\r\nLaisser mijoter pendant 1 heure.\r\nPasser la sauce au chinois.\r\nLa reverser dans la casserole avec la crème.\r\nLa porter à frémissement.\r\nL\'assaisonner selon le goût.\r\nPuis, la retirer du feu.\r\nAjouter la gelée de groseille.\r\n\r\nCuire la viande :\r\nPrendre une poêle.\r\nY mettre à chauffer le beurre fondu et 1 cuillère d\'huile pendant 5 minutes.\r\nY faire dorer le filet coupé en noisettes sur toutes ses faces.\r\nServir les noisettes de filet avec la sauce grand veneur, des pâtes fraîches et une purée de marrons ou de céleri.', 'Recette de Champagne Ardennes', 'En attente', 'chevreuil_sauce_grand_veneur.jpg', '2017-08-01'),
(53, 2, 20, 'Marcassin aux pommes et au genièvre', 'viande', '2', '00:40:00', '01:30:00', 6, '1,2 KG DE FILET DE MARCASSIN,\r\n150 GRAMMES DE CRÈME FRAÎCHE,\r\n125 GRAMMES DE BEURRE, \r\n50 CL DE VIN ROUGE CORSÉ,\r\n20 CL D\'ALCOOL DE GENIÈVRE,\r\n3 CUILLÈRES À SOUPE D\'HUILE,\r\n1 CUILLÈRE À SOUPE DE BAIES DE GENÉVRIER,\r\n6 POMMES,\r\n1 BARDE DE LARD,\r\n1 OIGNON CISELÉ,\r\n1 BOUQUET GARNI,\r\nSEL FIN DE CUISINE,\r\nPOIVRE NOIR EN GRAINS DU MOULIN.', 'La veille :\r\nCouper le filet de sanglier en morceaux.\r\nFaire des morceaux de 60 grammes environ.\r\nPrendre un grand saladier.\r\nY placer la viande dans le vin et l\'huile. \r\nAjouter l\'oignon et le bouquet garni. \r\nAssaisonner et faire mariner 24 heures au frais.\r\n\r\nLe lendemain :\r\nPréchauffer le four à 150°C ou th 5.\r\nÉgoutter la viande.\r\nLa recouvrir de la barde de lard. \r\nPlacer les morceaux de viande dans une cocotte en fonte.\r\nLa mettre avec le beurre, les baies de genévrier, 20 cl de marinade et l\'oignon haché. \r\nBien assaisonner.\r\nL\'enfourner pendant 90 minutes en mouillant la viande de son jus régulièrement.\r\nEn fin de cuisson la retirer. \r\nEnlever la viande de la cocotte.\r\nLa réserver au chaud. \r\nDéglacer la sauce avec le genièvre et la faire flamber. \r\nIncorporer la crème et assaisonner.\r\nRecouvrir la viande de sauce.\r\nLa servir avec de pommes sautées à la poêle.\r\nOn peut aussi faire une galette de pommes de terre.\r\n\r\nAccompagner ce plat du même vin que celui ayant servi à la marinade et la cuisson.', 'Recette de Champagne Ardennes', 'En attente', 'marcassin_aux_pommes_et_au_genievre.jpg', '2017-08-20'),
(54, 2, 21, 'Sauté de lapin à l\'ail', 'viande', '2', '00:30:00', '00:45:00', 8, '1,8 KG DE MORCEAUX DE LAPIN,\r\n10 CL D\'HUILE D\'OLIVE,\r\n20 CL DE VIN BLANC SEC,\r\n3 GOUSSES D\'AIL HACHÉES, \r\n1 CITRON,\r\n1 FEUILLE DE LAURIER,\r\n1 CUILLÈRE À SOUPE DE PERSIL HACHÉ FRAIS,\r\n1 GROSSE PINCÉE DE THYM SEC, \r\nSEL FIN DE CUISINE,\r\nPOIVRE BLANC MOULU.', 'Mettre les morceaux de lapin à revenir dans une poêle avec du beurre. \r\n\r\nBien Assaisonner.\r\n\r\nAjouter thym et laurier. \r\n\r\nArroser de vin blanc.\r\n\r\nLaisser mijoter à petit feu en remuant régulièrement 45 minutes. \r\n\r\nAjouter l\'ail ,le persil et le jus de citron 5 minutes avant la fin de la cuisson et servir.\r\n\r\nServir accompagné de pommes de terre rissolées.', 'Recette de Champagne Ardennes', 'En attente', 'saute_de_lapin_ail.jpg', '2017-08-19'),
(55, 2, 21, 'Les topinambours du roy', 'vegetarien', '1', '00:05:00', '00:20:00', 4, '- 500 GRAMMES DE TOPINAMBOURS FRAIS,\r\n\r\n- 1 CUILLÈRE À SOUPE D\'HUILE DE TRUFFE,\r\n\r\n- FLEUR DE SEL,\r\n\r\n- POIVRE EN GRAINS AU MOULIN.', 'Brosser bien les topinambours et couper les parties terreuses, mais ne pas les éplucher .\r\nSi vous le faites à l\'avance, mouiller les topinambours d\'un jus de citron pour éviter qu\'ils ne noircissent.\r\nLes couper en lamelles régulières et les faire cuire à la vapeur 20 minutes s\'ils sont petits à 30 minutes pour les gros.\r\nIls doivent être tendres, mais pas se défaire.\r\nDisposer joliment sur les assiettes.\r\nArroser de quelques gouttes d\'huile de truffe.\r\nSaupoudrer de fleur de sel et un tour de moulin de poivre sur chaque assiette.\r\nServir tiède.', 'Recette de Champagne Ardennes', 'En attente', 'topinambours_du_roy.jpg', '2017-08-18'),
(56, 2, 21, 'Navarin d\'agneau aux 6 légumes', 'viande', '3', '00:40:00', '02:00:00', 8, '1 ÉPAULE D\'AGNEAU DÉSOSSÉE DE 2 KG ENVIRON,\r\n2 CUILLÈRES À SOUPE D\'HUILE D\'OLIVE,\r\n100 GRAMMES DE BEURRE, \r\n2 OIGNONS JAUNES,\r\n50 GRAMMES DE FARINE TAMISÉE,\r\n6 TOMATES, \r\n1 CUILLÈRE À SOUPE DE CONCENTRÉ DE TOMATE, \r\n25 CL DE VIN BLANC SEC,\r\n1 GOUSSE D\'AIL,\r\n1 KG DE PETITES POMMES DE TERRE BIEN RONDES,\r\n500 GRAMMES DE PETITES CAROTTES,\r\n500 GRAMMES DE NAVETS,\r\n200 GRAMMES DE HARICOTS VERTS,\r\n200 GRAMMES DE PETITS POIS,\r\n1 BOUQUET GARNI,\r\n4 BRINS DE PERSIL HACHÉ,\r\nSEL FIN DE CUISINE,\r\nPOIVRE NOIR EN GRAINS DU MOULIN.', 'Découper soigneusement l\'épaule en morceaux réguliers de 50 grammes. \r\nSaler et poivrer.\r\nLes faire revenir dans une cocotte avec l\'huile d\'olive. \r\nBien colorer les morceaux d\'agneau. \r\nLeurs ajouter les oignons coupés en lamelles.\r\nBien les faire dorer. \r\nSaupoudrer avec la farine tamisée. \r\nAjouter le concentré de tomate.\r\nBien mélanger le tout avant d\'ajouter le vin blanc. \r\nAu besoin compléter avec de l\'eau à hauteur des morceaux d\'agneau. \r\nAjouter le bouquet garni et la gousse d\'ail. \r\nPoser le couvercle sur la cocotte.\r\nLa laisser mijoter à feu doux sans remuer pendant 120 minutes. \r\nPréparer les 6 tomates.\r\nLes éplucher épépiner et les découper en dés.\r\nCuire les petites pommes de terre en robe des champs, elles doivent rester bien fermes. \r\nLes égoutter.\r\nLes éplucher.\r\nPuis, les sculpter en forme de grosses olives.\r\nLes réserver.\r\nÉplucher les navets et les carottes.\r\nLes sculpter en sphères et en ovales. \r\nLes cuire dans de l\'eau 20 minutes puis, les réserver. \r\nCuire les haricots et les petits pois à l\'eau bouillante salée.\r\nLes égoutter et les réserver.\r\nQuand la cuisson de la viande est terminée retirer les morceaux du poêlon.\r\nPasser la sauce au chinois et la dégraisser soigneusement. \r\nRemettre la viande et la sauce dans la cocotte.\r\nAjouter les dés de tomates, les navets et les carottes. \r\nLes faire mijoter 10 minutes.\r\nPasser les pommes de terre au beurre dans un sautoir.\r\nLes faire dorer joliment. \r\nAjouter les pommes de terre dorées, les haricots et les pois.\r\nLes laisser mijoter quelques minutes.\r\nGoûter, rectifier l\'assaisonnement.\r\nPuis, dresser l\'ensemble sur un beau plat de service.\r\nSaupoudrer de persil juste avant de servir.', 'Recette de Champagne Ardennes', 'En attente', 'navarin_d_agneau_aux_jeunes_legumes.jpg', '2017-08-17'),
(57, 3, 23, 'Boeuf bourguignon', 'viande', '3', '00:30:00', '02:30:00', 6, '1,5 KG DE VIANDE DE BOEUF COUPÉES EN CUBES DE 3 CM ENVIRON,\r\n350 GRAMMES DE CHAMPIGNONS DE PARIS,\r\n350 GRAMMES DE LARD MAIGRE COUPÉ EN PETITS DÉS,\r\n300 GRAMMES DE PETITS OIGNONS GRELOTS,\r\n60 GRAMMES DE BEURRE,\r\n10 CL D\'HUILE D\'OLIVE,\r\n5 GOUSSES D\'AIL,\r\n50 GRAMMES DE FARINE TAMISÉE,\r\n100 GRAMMES DE PERSIL HACHÉ,\r\n1 BRANCHE DE MARJOLAINE,\r\n2 BRANCHES DE THYM,\r\n4 FEUILLES DE LAURIER,\r\n1/2 LITRE DE BOUILLON,\r\n1/2 LITRE DE VIN ROUGE SEC,\r\nGROS SEL,\r\nPOIVRE EN GRAINS DU MOULIN.', 'La veille : \r\nPorter à ébullition le vin rouge avec les épices.\r\nLaisser refroidir.\r\nMettre à mariner le boeuf pendant 24 heures au minimum.\r\nRajouter le thym, un morceau de branche de céleri, 2 clous de girofle, le laurier et la marjolaine.\r\n\r\nLe lendemain.\r\nÉgoutter la viande. \r\nDans une casserole ajouter le beurre et l\'huile d\'olive.\r\nFaire revenir les petits oignons entiers. \r\nDès qu\'il seront presque dorés, ajouter l\'ail.\r\nMettre à cuire le boeuf dans la même graisse à feu doux.\r\nLe singer avec la farine tamisée.\r\nBien mélanger.\r\nVerser dessus la marinade, ses épices et ses condiments. \r\nLe cuire pendant 2 h 30.\r\nSaler et poivrer.\r\nL\'idéal est de le cuire au four à 120°C ou th 3.  \r\nLorsque le boeuf est assez cuit.\r\nAjouter les petits oignons.\r\nMélanger convenablement.\r\nEn fin de cuisson rajouter les carottes, 4 blancs de poireaux et les navets.\r\nLaisser cuire encore 20 minutes.\r\nSortir la viandes, l\'égoutter.\r\nLa réserver.\r\nSortir les légumes.\r\nLes réserver.\r\nFiltrer le jus de cuisson. le faire réduire de 50 %.\r\nRemettre la viande à chauffer, avec ses légumes.\r\nQuand tout est bien chaud, prendre une assiette creuse et chaude.\r\nY mettre les légumes, les morceaux de viande.\r\nNapper de la sauce.\r\nServir aussitôt.\r\nSi la sauce reste un peu liquide, rajouter une cuillère à soupe de fleur de maïs.\r\nLa diluer dans 3 cuillères d\'eau froide.\r\nPuis, porter la sauce à ébullition. \r\nElle va s\'épaissir toute seule. \r\nLa terminer avec quelques noix de beurre.\r\nBien remuer avant de s\'en servir.\r\nL\'accompagner aussi de quelques pommes de terre cuites à la vapeur.', 'Recette de Bourgogne', 'En attente', 'boeuf_bourguignon.jpg', '2017-08-16'),
(58, 3, 23, 'Civet de lièvre', 'viande', '2', '00:50:00', '02:30:00', 4, '1 LIÈVRE,\r\n2 OIGNONS JAUNES,\r\n2 CAROTTES,\r\n1 BRANCHE DE THYM,\r\n2 LITRES DE VIN ROUGE DE POMMARD,\r\n100 GRAMMES DE BEURRE,\r\n10 CL D\'HUILE D\'OLIVE,\r\n150 GRAMMES DE FARINE,\r\n2 GOUSSES D\'AIL,\r\n4 TRANCHES DE PAIN DE MIE,\r\n1 FEUILLE DE LAURIER,\r\n20 PETITS OIGNONS GRELOTS,\r\n250 GRAMMES DE PETITS CHAMPIGNONS DE PARIS,\r\n150 GRAMMES DE LARD FUMÉ,\r\n1 CUILLÈRE DE PERSIL PLAT CISELÉ,\r\nGROS SEL DE CUISINE,\r\nPOIVRE NOIR EN GRAINS DU MOULIN.', 'La veille.\r\nCouper le lièvre en morceaux.\r\nRéserver le foie et le sang. \r\nMouiller de vin rouge à hauteur des morceaux coupés.\r\nLe faire mariner durant la nuit.\r\nRajouter  les oignons coupés en six, les carottes coupées en rondelles.\r\nTerminer par la branche de thym et la feuille de laurier. \r\n\r\nLe lendemain matin.\r\nÉgoutter les morceaux dans une passoire.\r\nFaire chauffer l\'huile et 40 grammes de beurre dans une poêle.\r\nDorer les morceaux de lièvre de chaque côté ainsi que les oignons et les carottes. \r\nMettre les morceaux dans une casserole.\r\nSaupoudrer de farine tamisée. \r\nBien faire revenir.\r\nLe mouiller avec le vin de la marinade. \r\nAjouter les gousses d\'ail, le bouquet garni de thym et laurier, les carottes et les oignons. \r\nSaler, poivrer.\r\nLaisser mijoter pendant deux heures.\r\nCuire à part les petits oignons grelots dans un peu d\'eau additionnée d\'une cuillère à café de sucre semoule. \r\nCouper les champignons de paris en quartiers.\r\nLes faire revenir au beurre. \r\nCouper le lard fumé en lardons.\r\nLes faire rissoler dans une poêle. \r\nQuand le lièvre est cuit, dresser les morceaux dans un plat.\r\nLe tenir au chaud.\r\nHacher le foie et le mélanger avec le sang. \r\nAjouter à la sauce.\r\nPuis, la passer au chinois, passoire fine. \r\nAjouter la garniture de petits oignons, de champignons et de lardons. \r\nRectifier l\'assaisonnement de la sauce.\r\nPuis, la verser sur le lièvre.\r\nAjouter des croûtons de pains frits.\r\nSaupoudrer de persil plat ciselé.', 'Recette de Bourgogne', 'En attente', 'civet_de_lievre.jpg', '2017-08-15'),
(59, 3, 23, 'Queue de boeuf à la beaunoise', 'viande', '3', '00:30:00', '02:30:00', 6, '1 QUEUE DE BŒUF,\r\n100 GRAMMES DE COUENNE DE PORC,\r\n2 OIGNONS,\r\n3 CAROTTES,\r\n2 GOUSSES D\'AIL,\r\n1 BOUTEILLE DE CÔTES-DE-BEAUNE,\r\n2 BRINS DE THYM,\r\n2 FEUILLES DE LAURIER,\r\n4 BRINS DE PERSIL PLAT,\r\n100 GRAMMES DE BEURRE,\r\n2 CUILLÈRES À SOUPE D\'HUILE D\'ARACHIDE,\r\n25 GRAMMES DE FARINE,\r\n250 GRAMMES DE PETITS OIGNONS BLANCS,\r\n250 GRAMMES DE CHAMPIGNONS DE PARIS,\r\n2 CUILLÈRES À SOUPE DE SUCRE EN POUDRE,\r\nSEL FIN DE CUISINE,\r\nPOIVRE NOIR EN GRAINS DU MOULIN.', 'La veille.\r\n\r\nCouper la queue de boeuf en tronçons réguliers. \r\nPeler, couper les oignons et les carottes en morceaux. \r\nPeler, écraser les gousses d\'ail. \r\nDisposer ces ingrédients dans une grande terrine.\r\nVerser le vin, ajouter le thym, le laurier,le persil. \r\nSaler, poivrer. \r\nLaisser mariner toute la nuit. \r\n\r\nLe lendemain.\r\nPréchauffer le four à 180°C ou th 6.\r\nÉgoutter les morceaux de queue de boeuf, les oignons et les carottes de la marinade.\r\nFiltrer la marinade, réserver. \r\nFaire chauffer 30 grammes de beurre et l\'huile d\'arachide dans une cocotte en fonte. Ajouter les morceaux de queue de boeuf, faire colorer.\r\nAjouter les légumes égouttés. \r\nPoudrer de farine et faire cuire 5 minutes pour obtenir un roux. \r\nMouiller avec le vin de la marinade et porter lentement à ébullition. \r\nPendant ce temps, faire blanchir rapidement les couennes de porc.\r\nÉgoutter, couper en morceaux. \r\nAjouter dans la cocotte.\r\nSaler, poivrer. \r\nCouvrir, enfourner à four moyen. \r\nLaisser cuire 2 heures.\r\nPendant la cuisson, peler les petits oignons, faire revenir dans la moitié du beurre restant, poudrer de sucre pour les caraméliser, laisser cuire doucement. \r\nFaire sauter les champignons dans le reste du beurre. \r\nÉgoutter les morceaux de queue de boeuf.\r\nDisposer dans un plat, entourer de petits oignons glacés et de champignons. \r\nPasser la sauce, napper le plat. ', 'Recette de Bourgogne', 'En attente', 'queue_de_boeuf_a_la_beaunoise.jpg', '2017-08-14'),
(60, 3, 23, 'Bisque d\'écrevisses', 'fruits de mer', '2', '00:25:00', '00:30:00', 4, '30 ÉCREVISSES À PATTES ROUGES,\r\n2 CAROTTES FANES,\r\n1 GROS OIGNON JAUNE,\r\n1 GOUSSE D\'AIL ROSE DE LAUTREC,\r\n1 BRANCHE DE THYM FRAIS,\r\n3 FEUILLES DE LAURIER SAUCE,\r\n4 BRINS DE PERSIL ET DE CERFEUIL,\r\n1 BRANCHE D\'ESTRAGON,\r\n1/2 VERRE DE MARC DE BOURGOGNE,\r\n1 LITRE D\'EAU,\r\n1 POINTE DE POIVRE DE CAYENNE,\r\n150 GRAMMES DE RIZ,\r\n10 CL DE CRÈME FRAÎCHE,\r\n300 GRAMMES DE BEURRE,\r\nSEL FIN DE CUISINE, \r\nPOIVRE GRIS MOULU.', 'Gratter, rincer et hacher les carottes. \r\nÉplucher et hacher très finement l\'oignon et l\'ail. \r\nFaire revenir l\'ensemble dans 100 grammes de beurre. \r\nAjouter le thym, le laurier, le persil, le cerfeuil et l\'estragon. \r\nFaire cuire pendant 15 minutes.\r\nLaver, égoutter et retirer le tube digestif des écrevisses.\r\nPour cela, replier l\'écaille du milieu de la queue sur le dos.\r\nRetirer ce petit canal délicatement tout en tournant. \r\nFaire sauter les écrevisses dans le hachis bouillant de légumes jusqu\'à ce qu\'elles soient bien rouges.\r\nVerser le  marc de champagne chaud et flamber.\r\nPuis, ajouter le vin blanc et l\'eau, le sel, le poivre et une pointe de poivre de Cayenne.\r\nLaisser cuire 12 minutes.\r\nPendant ce temps, faire bouillir de l\'eau. \r\nMesurer le riz.\r\nJeter dans une fois et demie son volume d\'eau bouillante. \r\nSaler et poivrer. \r\nLaisser cuire selon les indications portées sur l\'emballage.\r\nLorsque les écrevisses sont cuites.\r\nLes égoutter.\r\nLes laisser refroidir.\r\nPuis, les décortiquer. \r\nRéserver quelques queues pour la décoration.\r\nPiler les têtes.\r\nLes passer au tamis.\r\nÉcraser le riz.\r\nLe mélanger aux têtes écrasées.\r\nY ajouter le jus de cuisson des écrevisses. \r\nFaire bouillir quelques minutes tout en remuant. \r\nRectifier l\'assaisonnement.\r\nHors du feu, ajouter la crème et le reste de beurre. \r\nDécorer avec les queues d\'écrevisses mises en réserve. \r\nServir très très chaud.', 'Recette de Borugogne', 'En attente', 'bisque_d_ecrevisses.jpg', '2017-08-13'),
(61, 3, 24, 'Andouillettes dijonnaise', 'viande', '2', '00:15:00', '00:35:00', 4, '- 4 ANDOUILLETTES,\r\n\r\n- 60 GRAMMES DE BEURRE,\r\n\r\n- 20 CL DE CRÈME FRAÎCHE ÉPAISSE,\r\n\r\n- 20 CL DE VIN BLANC,\r\n\r\n- 3 CUILLÈRES À SOUPE DE MOUTARDE DE DIJON FORTE,\r\n\r\n- 500 GRAMMES DE POMMES DE TERRE BINTJE,\r\n\r\n- 2 OIGNONS,\r\n\r\n- 5 CL D\'HUILE D\'OLIVE,\r\n\r\n- 4 BRINS DE PERSIL\r\n\r\n- SEL FIN DE CUISINE, \r\n\r\n- POIVRE NOIR EN GRAINS DU MOULIN.', 'Eplucher les pommes de terre.\r\nLes faire bouillir. \r\nLes réserver au chaud. \r\nDans une poêle, faire revenir les andouillettes avec l\'huile et 20 grammes de beurre, faire cuire à feu doux. \r\nPendant ce temps, peler et hacher les oignons. \r\nRetirer les andouillettes, dégraisser la poêle.\r\nY faire suer les oignons sans les colorer. \r\nDéglacer avec le vin blanc et laissez réduire. \r\nAjouter la crème fraîche et la moutarde.\r\nLaisser réduire, saler et poivrer. \r\nRemettre les andouillettes et les faire réchauffer dans la sauce. \r\nDresser les andouillettes dans chaque assiette. \r\nLes servir chaudes avec les galettes de pommes de terre. \r\nDécorer avec des brins de persil.', 'Recette de Borugogne', 'En attente', 'andouilettes_dijonnaise.jpg', '2017-08-12'),
(62, 3, 24, 'Morilles en aumonière.', 'vegetarien', '3', '00:30:00', '00:20:00', 4, '8 MORILLES SELON GROSSEUR,\r\n125 GRAMMES DE FARINE TAMISÉE,\r\n25 CL DE LAIT,\r\n1 OEUF EXTRA FRAIS,\r\n1 CUILLÈRE À SOUPE D\'HUILE,\r\n1 CUILLÈRE À SOUPE DE CRÈME FRAÎCHE ÉPAISSE,\r\n1 ÉCHALOTE GRISE,\r\n8 BRANCHES DE CIBOULETTE,\r\n5 GRAMMES DE BEURRE,\r\nSEL FIN DE CUISINE,\r\nPOIVRE NOIR EN GRAINS DU MOULIN.', 'Mélanger la farine, l\'oeuf, l\'huile, le lait et un peu de sel.\r\nFaire une pâte homogène mais liquide et sans grumeaux.\r\nLa laisser se reposer 1 heure. \r\nEnlever la partie terreuse des morilles, les rincer dans plusieurs eaux.\r\nLes égoutter et les essuyer dans du papier absorbant.\r\nÉmincer 5 morilles.\r\nHacher l\'échalote.\r\nSaler et poivrer. \r\nFaire revenir la préparation à feu vif pendant 5 minutes.\r\nBaisser le feu.\r\nHors du feu ajouter la crème fraîche.\r\nBien mélanger.\r\nLaisser cuire encore 5 minutes. \r\nFaire revenir à part les autres morilles pendant 10 minutes. \r\nHacher un peu de ciboulette et les morilles.\r\nL\'ajouter à la pâte à crèpe.\r\n\r\nFaire de petites crèpes.\r\nVerser un peu de farce en fin de cuisson.\r\nFormer une aumônière en ajoutant une morille entière.\r\nFermer avec un ou deux brins de ciboulette.', 'Recette de Franche Comté', 'En attente', 'morilles_en_aumoniere.jpg', '2017-08-11'),
(63, 3, 24, 'Biche aux bolets et fruits rouges', 'viande', '4', '00:20:00', '00:25:00', 6, '24 À 36 NOISETTES DE BICHE,\r\n150 GRAMMES DE LARD MAIGRE DEMI-SEL,\r\n250 GRAMMES DE PETITS BOLETS BAIS,\r\n500 GRAMMES DE POUSSES DE SALADE,\r\n1 BARQUETTE DE CASSIS, \r\n6 GRAPPES DE GROSEILLES ROUGES,\r\n60 GRAMMES DE BEURRE,\r\n7 CUILLÈRES À SOUPE D\'HUILE D\'OLIVE,\r\n2 CUILLÈRES À SOUPE DE VINAIGRE DE XÉRÈS, \r\n5 CL DE COGNAC,\r\n15 GRAMMES DE SEL FIN,\r\n5 GRAMMES DE POIVRE NOIR DU MOULIN.', 'Laisser macérer les noisettes de biches 24 heures dans une marinade au vin rouge.\r\nFaire blanchir le lard 5 minutes.\r\nÉgoutter.\r\nLe couper en triangles. \r\nFaire chauffer 1 cuillère à soupe d\'huile dans une poêle.\r\nY faire rissoler les lardons.\r\nLes réserver.\r\nNettoyer les champignons. \r\nFaire chauffer 20 grammes de beurre dans une sauteuse.\r\nY faire suer les champignons 10 minutes.\r\nTrier, laver, essorer la salade. \r\nMettre du sel, du poivre et le vinaigre dans un bol. \r\nAjouter l\'huile restante en fouettant.\r\nPour finir, faire fondre le reste de beurre dans une sauteuse.\r\nY faire saisir les noisettes de biche 2 à 3 minutes par face sur un feu assez vif. \r\nMouiller avec le cognac et hors du feu les flamber.\r\nSaler, poivrer.\r\nRéchauffer lardons et champignons dans une poêle avec les baies de cassis, mélanger.\r\nAssaisonner la salade avec la vinaigrette, mélanger.\r\nRépartir la salade en lit sur les assiettes ou la présenter à part. \r\nDresser les lardons et les champignons, puis les noisettes de biche et leur jus. \r\nDécorer avec quelques grappillons de groseilles et servir aussitôt.', 'Recette de Franche Comté', 'En attente', 'biche_aux_bolets_et_fruits_rouges.jpg', '2017-08-10'),
(64, 3, 25, 'Coq au vin jaune', 'viande', '3', '00:10:00', '02:00:00', 10, '1 BEAU COQ DE 3 KG,\r\n150 GRAMMES DE LARDONS,\r\n40 GRAMMES DE BEURRE,\r\n4 CUILLÈRES À SOUPE D\'HUILE,\r\n1 BOUQUET GARNI,\r\n2 FEUILLES DE LAURIER,\r\n2 ÉCHALOTES GRISES,\r\n2 GOUSSES D\'AIL,\r\n3 PETITS VERRES DE MARC DE BOURGOGNE,\r\n250 GRAMMES DE MORILLES,\r\n1 BOUTEILLE ET DEMI DE VIN JAUNE,\r\nGROS SEL DE CUISINE, \r\nPOIVRE EN GRAINS AU MOULIN.', 'Faire fondre les lardons dans une cocotte.\r\nLes retirer.\r\nAjouter le beurre et l\'huile. \r\nMettre le coq coupé en morceaux à roussir.\r\nTourner assez souvent pour éviter que la viande colle au fond. \r\nAjouter le bouquet garni, le laurier, les échalotes et les gousses d\'ail. \r\nDéglacer avec un peu d\'eau chaude. \r\nDonner un coup de feu et arroser avec le marc de Bourgogne. \r\nÉteindre le feu et flamber le coq. \r\nVerser le vin jaune, remuer.\r\nSaler et poivrer. \r\nAjouter les morilles rincés à l\'eau chaude.\r\nLaisser cuire doucement pendant 2 bonnes heures. \r\nRetirer le coq, passer la sauce à l\'étamine.\r\nLa lier avec un peu de farine.\r\nDresser sur le plat de service. \r\nNapper avec la sauce.\r\nL\'accompagner de morilles sautées au beurre.', 'Recette de Franche Comté', 'En attente', 'coq_au_vin_jaune.jpg', '2017-08-09'),
(65, 3, 25, 'Cake à la saucisse de Morteau', 'viande', '2', '00:20:00', '01:20:00', 6, '1 SAUCISSE DE MORTEAU,\r\n5 OEUFS EXTRA FRAIS,\r\n20 CL DE VIN BLANC,\r\n10 CL D\'HUILE,\r\n250 GRAMMES, DE FARINE TAMISÉE,\r\n1 SACHET DE LEVURE CHIMIQUE,\r\n150 GRAMMES DE COMTÉ RÂPÉ,\r\nSEL FIN DE CUISINE,\r\nPOIVRE NOIR EN GRAINS DU MOULIN.', '\r\nUne heure à l\'avance, remplir une casserole d\'eau.\r\nLa porter à ébullition.\r\nY faire pocher la saucisse pendant 30 minutes.\r\nL\'égoutter.\r\nLa laisser refroidir. \r\nHuiler un moule à cake.\r\nLe foncer d\'une feuille de papier sulfurisé.\r\nLe réserver.\r\nPréchauffer le four à 180°C ou th 6.\r\nDans un saladier, mélanger la farine tamisée avec la levure.\r\nPuis, y incorporer les oeufs entiers, le vin et l\'huile. \r\nPréparer la saucise entière.\r\nLa poivrer.\r\nDécouper chaque extrémité, la garder à vif.\r\nPuis, ajouter le fromage au mélange farine, oeufs, vin, huile, sel, poivre.\r\nSaler et poivrer avec précaution, le fromage et la saucisse sont déjà salés. \r\nVerser l\'appareil dans le premier quart du moule.\r\nY poser la saucisse.\r\nRemplir le moule au 3/4 avec le reste de la sauce.\r\nPas plus sinon il risque de déborder pendant la cuisson.\r\nLe faire cuire 45 minutes à 180°C ou th 6.\r\nSe sert chaud à l\'apéritif, en entrée, avec une salade ou en plat.', 'Recette de Franche Comté', 'En attente', 'cake_a_la_saucisse_de_morteau.jpg', '2017-08-08'),
(66, 3, 25, 'Chaussons au jambon', 'viande', '3', '00:20:00', '00:35:00', 4, '125 GRAMMES DE JAMBON,\r\n1 ÉCHALOTE GRISE, \r\n1 CUILLÈRE À SOUPE DE BEURRE,\r\n200 GRAMMES DE TOMATES EN BOÎTE,\r\n1/2 CUILLÈRE À CAFÉ DE SAUCE WORCESTERSHIRE,\r\n1 CUILLÈRE À CAFÉ DE FÉCULE DE MAÏS,\r\n125 GRAMMES DE GRAINS DE MAÏS EN BOÎTE,\r\n400 GRAMMES DE PÂTE FEUILLETÉE,\r\n1 JAUNE D\'OEUF EXTRA FRAIS,\r\nSEL FIN DE CUISINE,\r\nPOIVRE BLANC MOULU.', 'Peler l\'échalote et la hacher. \r\nFaire fondre le beurre dans une petite casserole.\r\nY faire cuire doucement l\'échalote pendant 3 minutes. \r\nAjouter les tomates et la sauce Worcestershire. \r\nÉcraser les tomates avec une cuillère en bois.\r\nLes faire cuire pendant 5 minutes. \r\nDélayer la fécule avec 2 cuillères à soupe d\'eau. \r\nVerser ce mélange dans la casserole en remuant.\r\nContinuer à mélanger jusqu\'à ce que la sauce soit épaisse.\r\nÉgoutter le maïs. \r\nHacher le jambon au couteau. \r\nAjouter le maïs et le jambon à la sauce. \r\nPoivrer. \r\nÔter du feu et laisser refroidir. \r\nFaire chauffer le four à 200° ou th 7. \r\nÉtaler la pâte feuilletée en un carré de 30 cm de côté. \r\nLe couper en quatre. \r\nRépartir la garniture froide entre les 4 carrés.\r\nNe couvrir que la moitié de chaque carré de pâte.\r\nBattre légèrement le jaune d\'oeuf à la fourchette. \r\nEn badigeonner les bords de pâte.\r\nReplier chaque moitié de pâte non garnie sur l\'autre. \r\nPincer les bords pour les souder et les canneler. \r\nBadigeonner le dessus de chaque chausson d\'oeuf battu.\r\nRecouvrir une plaque allant au four de papier sulfurisé.  \r\nPoser les chaussons sur la plaque du four.\r\nLa glisser dans le four chaud 25 minutes. \r\nCuire à la température de 200°C ou th 7.\r\nServir chaud.', 'Recette de Franche Comté', 'En attente', 'chaussons_au_jambon.jpg', '2017-08-07'),
(67, 4, 33, 'Boeuf à la ficelle à l\'Auvergnate', 'viande', '2', '00:20:00', '00:40:00', 4, '800 GRAMMES DE BOEUF À BRAISER OU RÔTIR DANS LE TENDE DE TRANCHE,\r\n4 CÉLERI-BRANCHES,\r\n6 CAROTTES FANES,\r\n4 NAVETS FANES,\r\n4 POIREAUX MOYENS,\r\n1 OIGNON JAUNE,\r\n3 CLOUS DE GIROFLE,\r\n1 FEUILLE DE FEUILLE DE LAURIER,\r\n1 BRANCHE DE THYM,\r\n8 CORNICHONS,\r\n16 OIGNONS BLANCS AU VINAIGRE,\r\n15 GRAMMES DE GROS SEL,\r\n5 GRAMMES DE POIVRE NOIR EN GRAINS AU MOULIN.', 'Peler et laver 2 carottes.\r\nRincer le céleri. \r\nDans une marmite contenant 3 litres d\'eau, mettre ces légumes parés, avec la feuille de laurier et le thym. \r\nSaler, poivrer. \r\nCouvrir et laisser cuire 20 minutes à petits bouillons.\r\nPréparer la garniture de légumes. \r\nPeler  le reste des carottes et les navets. \r\nRetirer le vert foncé des poireaux afin de ne garder qu\'un peu de vert puis ôter leurs radicelles. \r\nLaver tous les légumes.\r\nFiceler la viande en laissant deux longs fils pendre aux extrémités pour pouvoir la récupérer facilement sans vous brûler. \r\nMettre les légumes de la garniture à cuire dans le bouillon puis plonger à son tour la viande en l\'attachant par les extrémités aux anses de la cocotte. \r\nElle ne doit pas toucher le fond. \r\nLa laisser bouillir 20 minutes, à lente ébullition, selon qu\'elle sera déguster saignante ou à point.\r\n\r\nServir la viande entourée des légumes de garniture, accompagnée tout simplement de gros sel, ainsi que des cornichons et des petits oignons au vinaigre.\r\nDéguster le boeuf avec un verre de vin rouge.', 'Recette d\'Auvergne', 'En attente', 'boeuf_a_la_ficelle_a_l_auvergnate.jpg', '2017-08-06'),
(68, 4, 33, 'Perdreau poêlé, croquant aux châtaignes', 'viande', '3', '00:15:00', '00:35:00', 4, '4 PERDREAUX ROUGES,\r\n10 CL D\'HUILE D\'OLIVE,\r\n4 BRINS DE THYM FRAIS,\r\n4 BRINS DE ROMARIN,\r\n4 BRINS DE SARRIETTE,\r\n20 GRAINS DE GENIÈVRE,\r\n25 CL DE BOUILLON DE VOLAILLE,\r\n4 OIGNONS JAUNES,\r\n1 TÊTE D\'AIL ROSE,\r\n2 FEUILLES DE LAURIER,\r\n300 GRAMMES DE FIGATELLI,\r\n500 GRAMMES DE CHÂTAIGNES,\r\n3 FEUILLES DE BRICK,\r\n50 GRAMMES DE BEURRE,\r\n6 CUILLÈRES DE CRÈME FRAÎCHE,\r\n1 PINCÉE D\'HERBES DE PROVENCE,\r\n20 GRAMMES DE SEL FIN DE CUISINE,\r\n5 GRAMMES DE POIVRE NOIR EN GRAINS.', 'Faire cuire les châtaignes avec 4 cuillères de crème dans du bouillon de volaille30 minutes.\r\nDétacher les poitrines des perdreaux.\r\nLes faire mariner dans l\'huile d\'olive, avec une pincée d\'herbe de Provence et du genièvre. \r\nFaire revenir dans une cocotte les oignons, les carcasses, l\'ail, le romarin et la sarriette. \r\nA mi-cuisson ajouter du bouillon de volaille et faire réduire. \r\nEnsuite mixer les châtaignes en ajoutant le reste de crème.\r\nPuis, faire poêler le figatelli au préalable découpé en rondelles. \r\nBadigeonner de beurre clarifié les feuilles de brick découpées en forme de rond.\r\nPuis les faire dorer rapidement au four à 250°C. \r\nLe bouillon ayant réduit, le passer au chinois.\r\nAjouter la moitié des figatelli avec une pincée de poivre.\r\nMixer le tout, repasser de nouveau au chinois et monter au beurre. \r\nPendant environ 3 minutes faire poêler les poitrines de perdreaux.\r\nLes saler, les poivrer.\r\nAjouter les herbes de la marinade, puis réserver au chaud. \r\nPour dresser, décorer en utilisant les feuilles de brick et la purée de châtaignes comme un mille-feuille .\r\n', 'Recette d\'Auvergne', 'En attente', 'perdreau_poele_croquant_aux_chataignes.jpg', '2017-08-20'),
(69, 4, 34, 'Terrine de pâté de campagne', 'viande', '3', '00:40:00', '01:30:00', 12, '350 GRAMMES DE VIANDE PORC DANS L\'ÉCHINE,\r\n350 GRAMMES DE GORGE DE PORC,\r\n250 GRAMMES DE FOIE DE PORC OU DE VOLAILLE,\r\n1 OEUF EXTRA FRAIS,\r\n1 GRAMME DE 4 ÉPICES,\r\n1 GOUSSE D\'AIL,\r\n1 OIGNON MOYEN,\r\n1/2 CL DE COGNAC,\r\n150 GRAMMES DE CRÉPINE OU DE BARDES DE PORC,\r\n20 GRAMMES DE SEL NITRITÉ ASSURE LA COULEUR ROSÉE,\r\n2/3 GRAMMES DE POIVRE.', 'Préparer la farce.\r\nPasser le tout au hachoir grille moyenne. \r\nAjouter les aromates et mélanger soigneusement avec une cuillère de bois.\r\nBarder l\'intérieur de la terrine.\r\nUne fois la terrine remplie la recouvrir de crépine.\r\nPréchauffer le four à 210°C ou th 9.\r\nEnfourner 10 minutes.\r\nPuis baisser la température du four à 180°C th 6.\r\nLaisser cuire 130 minutes, jusque la température soit à 78° à l\'intérieur du coeur de la terrine.\r\nEn fin de cuisson, laisser refroidir la terrine.\r\nPuis la mettre 24 heures au réfrigérateur pour la rassir.', 'Recette d\'Auvergne', 'En attente', 'terrine_de_campagne.jpg', '2017-08-19'),
(70, 4, 34, 'Coussins de jambon d\'auvergne à la fourme d\'Ambert', 'viande', '2', '00:15:00', '00:10:00', 4, '2 TRANCHES DE JAMBON D\'AUVERGNE OU À DÉFAUT DE CAMPAGNE, \r\n4 CUILLÈRES À CAFÉ DE FOURME D\'AMBERT, OU À DÉFAUT UN FROMAGE BLEU, \r\n1 CUILLÈRE À CAFÉ DE VINAIGRE DE XÉRÈS, \r\n1 CUILLÈRE À CAFÉ DE GENTIANE, \r\n1 CUILLÈRE À SOUPE D\'HUILE DE NOIX ,\r\n4 TRANCHES DE BAGUETTE DE 1 CM D\'ÉPAISSEUR, \r\n1 GOUSSE D\'AIL, \r\n1/2 BOTTE DE CRESSON, \r\nSEL FIN DE CUISINE,\r\nPOIVRE NOIR EN GRAINS DU MOULIN. ', 'Préchauffer le four à 200°C ou th 7. \r\nPrendre un saladier.\r\nY verser 1 cuillère à café de vinaigre de Xérès.\r\nAjouter une pincée de sel, un tour de moulin à poivre.\r\nRajouter une cuillère à café de gentiane et 1 cuillère à soupe d\'huile de noix.\r\nBien mélanger avec un fouet. \r\nDisposer 4 tranches de baguette sur une plaque de four. \r\nFrotter ces tranches sur chaque face et la croûte avec une gousse d\'ail.\r\nUtiliser une gousse d\'ail non pelée, fendue en 2 et dégermée. \r\nGlisser la plaque dans le four.\r\nFaire toaster ces tranches de baguette sur chaque face. \r\nCes toasts doivent être bien colorés et rester moelleux. \r\nLorsque les toasts sont prêts, les retirer du four. \r\nBaisser la température du four à 180°C ou th 6. \r\nCouper en deux dans la largeur 2 tranches de jambon d\'Auvergne. \r\nDisposer au centre de chaque demi tranche de jambon une bonne cuillère à café de Fourme d\'Ambert. \r\nRabattre ensuite chaque bord des demi tranches vers le centre pour bien envelopper la Fourme d\'Ambert.\r\nPuis retourner et disposer ces petits coussins pour les maintenir fermés sur les toasts de pain baguette. \r\nDisposer ces toasts sur la plaque du four.\r\nLa glisser au four pendant 5 minutes à 180°C ou th 6. \r\nConserver 1/2 cuillère à soupe de la vinaigrette pour la finition des toasts. \r\nAvec l\'autre partie, assaisonner une demi botte de cresson, au préalable bien lavée et essorée.\r\nBien mélanger l\'ensemble. \r\nLes coussins sur toasts ont 5 minutes de cuisson, le fromage est bien chaud et coulant. \r\nDresser la salade de cresson bien assaisonner dans un plat à part. \r\nDisposer sur un plat de service les coussins sur toasts.\r\nLes assaisonner de la 1/2 cuillère à soupe de vinaigrette restante.', 'Recette d\'Auvergne', 'En attente', 'coussins_de_jambon_auvergne.jpg', '2017-08-18'),
(71, 4, 35, 'Daube auvergnate', 'viande', '2', '00:20:00', '02:30:00', 6, '1,5 KG DE BOEUF À BRAISER,\r\n200 GRAMMES DE LARD DE POITRINE,\r\n4 OIGNONS JAUNES,\r\n1 GOUSSE D\'AIL,\r\n10 CL D\'HUILE DE TOURNESOL,\r\n30 GRAMMES DE FARINE,\r\n25 GRAMMES DE BEURRE,\r\n5 CL DE MARC D\'AUVERGNE,\r\n75 CL DE VIN ROUGE ASSEZ CORSÉ,\r\n1 BOUQUET GARNI,\r\nSEL FIN DE CUISINE,\r\nPOIVRE NOIR EN GRAINS MOULUS.', 'Retirer la couenne du lard.\r\nTailler celui-ci en lardons. \r\nPeler les oignons.\r\nLes émincer. \r\nPeler la gousse d\'ail et l\'écraser. \r\nDétailler la viande en cubes réguliers, pas trop petits. \r\nFaire chauffer le beurre dans une cocotte en fonte avec 2 cuillères à soupe d\'huile de tournesol. \r\nAjouter les oignons jaunes.\r\nLes faire revenir en les laissant dorer. \r\nLes retirer, mettre à leur place les lardons.\r\nLes faire rissoler également.\r\nLes retirer.\r\nLes égoutter.\r\nPuis, faire enfin saisir les morceaux de viande.\r\nLes saler et les poivrer.\r\nAjouter l\'ail. \r\nQuand ils sont bien dorés, remettre les lardons et les oignons dans la cocotte. \r\nPoudrer le tout d\'une cuillère à soupe rase de farine tamisée.\r\nBien mélanger. \r\nLaisser cuire 2 minutes en remuant.\r\nPuis, arroser de marc, préalablement chauffé dans une louche.\r\nFlamber, puis verser doucement le vin rouge. \r\nAjouter le bouquet garni.\r\nCouvrir le plat. \r\nLaisser mijoter sans ébullition 3 heures au moins en fermant hermétiquement la cocotte. \r\nRetirer le bouquet garni.\r\nServir dans un plat creux avec des pommes de terre à l\'eau et du persil frais. \r\nOn peut préparer ce plat la veille.\r\nLe réchauffer pendant 30 minutes le jour du service.\r\n', 'Recette d\'Auvergne', 'En attente', 'daube_auvergnate.jpg', '2017-08-17'),
(72, 4, 35, 'Chapon à la soupe d\'amandes', 'viande', '5', '00:45:00', '02:45:00', 10, '1 CHAPON DE 2 KG 500 ENVIRON, \r\n500 GRAMMES D\'ABRICOTS SECS, \r\n500 GRAMMES DE PRUNEAUX DÉNOYAUTÉS, \r\n400 GRAMMES DE PRUNES FRAÎCHES, \r\n100 GRAMMES DE PIGNONS, \r\n4 CUILLÈRES À SOUPE D\'HUILE D\'ARACHIDE, \r\n6 CUILLÈRES À SOUPE DE MIEL LIQUIDE, \r\n1/2 LITRE DE BOUILLON DE VOLAILLE, \r\nSEL FIN DE CUISINE \r\nPOIVRE BLANC MOULU.\r\n\r\nPOUR LA SOUPE D\'AMANDES: \r\n1 LITRE DE BOUILLON DE VOLAILLE BIEN CONCENTRÉ, \r\n250 GRAMMES DE POUDRE D\'AMANDES, \r\n15 CL DE CRÈME LIQUIDE, \r\n2 JAUNES D\'OEUFS EXTRA FRAIS, \r\n50 GRAMMES AMANDES EFFILÉE,S \r\nSEL DE CUISINE,\r\nPOIVRE BLANC MOULU.\r\n', 'Laver et couper, dénoyauter les prunes.\r\nFaire chauffer l\'huile dans une grande cocotte.\r\nMettre le chapon à dorer légèrement sur toutes ses faces.\r\nQuand il est devenu bien blond, ajouter les abricots, les pruneaux et les quartiers de prunes.\r\nArroser le tout de miel et de bouillon.\r\nSaler et poivrer.\r\nCouvrir le plat.\r\nBaisser le feu au niveau minimum.\r\nLaisser cuire 2 heures en rajoutant un peu d\'eau pendant la cuisson.\r\nPendant ce temps, préparer la soupe d\'amandes.\r\nFaire chauffer le bouillon de volaille.\r\nQuand il bout, baisser le feu au minimum.\r\nVerser la poudre d\'amandes.\r\nSaler et poivrer.\r\nBien mélanger.\r\nLaisser cuire 45 minutes à feu très doux en mélangeant de façon très régulière.\r\nA la fin du temps de cuisson, retirer du feu.\r\nIncorporer la crème et les jaunes d\'oeufs tout en fouettant.\r\nMaintenir au chaud la préparation.\r\nPasser rapidement les amandes effilées à la poêle pour les faire légèrement dorer.\r\nSortir le chapon de la cocotte, le poser dans un plat de service.\r\nL\'entourer de fruits, le parsemer de pignons.\r\nL\'arroser du jus restant de la cuisson. \r\nVerser la soupe dans une grande soupière.\r\nLa parsemer d\'amandes effilées.\r\nLa servir avec le chapon. \r\nAu moment de faire votre table, mettre de grandes assiettes, type assiettes de présentation. \r\nPoser dans chacune un petit bol ou un ramequin assorti dans lequel se sert la soupe d\'amandes. \r\nAinsi, less invités auront à la fois le chapon et la soupe sans pour autant devoir méler les saveurs des plats. ', 'Recette de Rhône Alpes', 'En attente', 'chapon_a_la_soupe_d_amandes.jpg', '2017-08-16'),
(73, 4, 36, 'Oeufs brouillés aux girolles', 'vegetarien', '2', '00:10:00', '00:25:00', 4, '300 GRAMMES DE GIROLLES, \r\n12 OEUFS EXTRA FRAIS, \r\n15 CL DE CRÈME FRAÎCHE, \r\n3 BRINS DE PERSIL PLAT, \r\nGROS SEL DE GUÉRANDE, \r\nPOIVRE EN GRAINS AU MOULIN. \r\n', 'Casser les oeufs dans une jatte résistant à la chaleur.\r\nLes battre un peu à la fourchette.\r\nAjouter la crème fraîche.\r\nSaler, poivrer.\r\nMélanger le tout délicatement. \r\nMettre à bouillir 2 litres d\'eau dans une casserole.\r\nY mettre la jatte.\r\nFaire cuire au bain-marie 20 minutes en remuant régulièrement.\r\nRincer les girolles sous un filet d\'eau froide.\r\nLes égoutter.\r\nLes mettre dans une sauteuse sur feu vif pour rendre toute leur eau. \r\nLes réserver. \r\nFaire fondre le beurre dans la sauteuse.\r\nRemettre les girolles à cuire 5 minutes à feu moyen.\r\nSaler, poivrer, parsemer de persil ciselé.\r\nDisposer les girolles dans un plat de service les mélanger à la brouillade, servir chaud.', 'Recette de Rhône Alpes', 'En attente', 'oeufs_brouilles_aux_girolles.jpg', '2017-08-15'),
(74, 4, 37, 'Alose grillée', 'poisson', '2', '00:15:00', '00:20:00', 4, '1 ALOSE DE 1 KG ENVIRON, ÉCAILLÉE ET VIDÉE,\r\n1 GROS CITRON NON TRAITÉ,\r\n10 CL HUILE D\'OLIVE,\r\n4 BRINS DE PERSIL,\r\n2 BRANCHES DE THYM,\r\n2 OEUFS EXTRA FRAIS,\r\n8 BRINS DE CIBOULETTE,\r\n4 BRINS DE CERFEUIL,\r\n5 CL DE VINAIGRE DE VIN BLANC,\r\nGROS SEL DE MER,\r\nPOIVRE NOIR EN GRAINS DU MOULIN.', '\r\nPresser le citron dans un grand plat creux.\r\nAjouter 10 cl d\'huile d\'olive, 4 cuillèrées à soupe de persil haché.\r\nMettre quelques pincées de thym en poudre, du sel et du poivre. \r\nPoser le poisson dans cette marinade.\r\nLe retourner deux ou trois fois et le couvrir. \r\nLe laisser reposer au frais pendant 2 heures.\r\nFaire cuire les oeufs durs, les rafraîchir et les écaler. \r\nCiseler de la ciboulette et du cerfeuil, 5 bonnes cuillères à soupe . \r\nMélanger 5 cuillerées à soupe d\'huile d\'olive, 2 de vinaigre, du sel et du poivre dans une saucière.\r\nAjouter les fines herbes et mélanger. \r\nÉcraser les oeufs durs et les ajouter dans la vinaigrette. \r\nMélanger et réserver.\r\nPréparer un feu de braises dans la cheminée ou le barbecue. \r\nÉgoutter l\'alose et la faire griller pendant une dizaine de minutes de chaque côté.\r\nLa poser sur un plat de service chaud.\r\nServir la vinaigrette aux oeufs durs et aux fines herbes en même temps.\r\n', 'Recette de Rhône Alpes', 'En attente', 'alose_grillee.jpg', '2017-08-14'),
(75, 4, 37, 'Paupiettes de veau au génépi', 'viande', '2', '00:10:00', '00:40:00', 4, '\r\n- 8 PAUPIETTES DE VEAU\r\n\r\n\r\n- 1 oignon\r\n\r\n- 1 verre de génépi (alcool des Alpes)\r\n\r\n- 1 verre de vin blanc sec\r\n\r\n- 1 cuillère à café de Maïzéna\r\n\r\n- 1 petit bouquet garni (laurier, thym, romarin)\r\n\r\n- 1 cuillère à soupe d\'huile d\'olive\r\n\r\n- Sel, poivre du moulin', 'Emincer l\'oignon, puis faire revenir dans une cocotte à feu doux avec l\'huile d\'olive; retirer avant coloration.\r\nDisposer les paupiettes dans la cocotte, et faire revenir jusqu\'à l\'obtention d\'une jolie coloration; retirer, et déglacer avec le verre de génépi, et flamber.\r\nAjouter les paupiettes, l\'oignon, le bouquet garni et le vin blanc sec, saler et poivrer. Couvrir et laisser mijoter 30 minutes.\r\nRetirer les paupiettes, saupoudrer de maïzéna, et fouetter jusqu\'à obtenir une parfaite homogénéisation.\r\nAjouter les paupiettes, et servir aussitôt.\r\n', 'Recette de Rhône Alpes', 'En attente', 'paupiettes_de_veau_au_genepi.png', '2017-08-13'),
(76, 4, 40, 'Ris de veau à l\'ancienne', 'viande', '2', '00:20:00', '02:00:00', 4, '- 600 G DE RIS DE VEAU SURGELÉS\r\n\r\n\r\n- 2 tranches de poitrine fumée\r\n\r\n- 2 carottes\r\n\r\n- 1/2 oignon planté d\'un clou de girofle\r\n\r\n- 300 g de champignons de Paris émincés\r\nPour le bouillon (environ 1 litre) :-\r\n\r\n- 2 carottes\r\n\r\n- 2 pommes de terre\r\n\r\n- 2 poireaux \r\n\r\n- 4 c à soupe de farine, \r\n\r\n- 2 c à soupe de madère\r\n-Sel, poivre.\r\n', 'Plonger tout d\'abord 2 mn les ris de veau décongelés dans de l\'eau bouillante salée, leur enlever tous les filaments blancs qui s\'y trouvent encore.\r\nDans une cocotte à fond épais, faire revenir,dans un peu de matière grasse,les 2 tranches de poitine fumée découpées en lardons et les ris de veau, jusqu\'à ce qu\'ils aient une couleur bien dorée.\r\nAjouter ensuite les carottes coupées en rondelles et l\'oignon, saupoudrer de farine (4  cuillères à soupe bien pleines) et mouiller avec le bouillon que vous aurez préparé à l\'avance.\r\nSaler, poivrer et laisser mijoter à feu doux et à découvert pendant 1 heure, puis rajouter les champignons de Paris et laisser cuire cette fois à couvert encore 1 heure. En fin de cuisson, arroser la sauce avec 2 cuillères à soupe de madère (alcool, pas la sauce) et laisser prendre le goût 5 mn.\r\nServir très chaud, accompagné de rôties de pain grillé.\r\n', 'Recette de Rhône Alpes', 'En attente', 'ris_de_veau_ancienne.jpg', '2017-08-21'),
(77, 5, 43, 'Carpaccio d\'agneau au vinaigre de lavande', 'viande', '3', '00:25:00', '00:10:00', 2, '- 2 FILETS D\'AGNEAU DE SISTERON.\r\n\r\n- 10 CL DE VINAIGRE D\'ALCOOL BLANC.\r\n\r\n- 5 GRAINS DE CASSIS.\r\n\r\n- 6 BRINS DE LAVANDE SÉCHÉS.\r\n\r\n- 1/2 LITRE D\'EAU.\r\n\r\n- 50 GRAMMES DE FARINE TAMISÉE.\r\n\r\n- 1 ŒUF.\r\n\r\n- 4 FEUILLES DE SAUGE.\r\n\r\n- LA PEAU D\'UNE GROSSE TOMATE.\r\n\r\n- 4 BRINS D\'ESTRAGON.\r\n\r\n- 4 FEUILLES DE BASILIC.\r\n\r\n- 4 BRINS DE ROMARIN.\r\n\r\n- 10 CL D\'HUILE D\'OLIVE.\r\n\r\n- 1/2 LITRE D\'HUILE DE FRITURE.\r\n\r\n- SEL FIN DE CUISINE.\r\n\r\n- POIVRE NOIR AU MOULIN.', 'Dans une jatte à beignets, mélanger le demi-litre d\'eau avec 50 grammes de farine et l\'oeuf entier. \r\nSaler, poivrer. \r\nFouetter pour rendre la pâte onctueuse. \r\nLa garder au réfrigérateur.\r\nFaire bouillir le vinaigre d\'alcool. \r\nLorsqu\'il aura réduit d\'un quart.\r\nCouper le feu et y ajouter deux brins de lavande et les grains de cassis. \r\nLaisser infuser pendant environ 15 minutes. \r\nLaisser refroidir et ajouter l\'huile d\'olive pour finir la marinade.\r\nLaver toutes les herbes à l\'eau courante et glacée.\r\nSécher les dans un torchon ou du papier absorbant.\r\nTailler les filets d\'agneau, en très fines lamelles. \r\nLes répartir dans les assiettes individuelles.\r\nAvant de servir, prendre les herbes les tremper une à une dans la pâte à beignets.\r\nLes faire frire dans une huile moyennement chaudes. \r\nIl ne faut surtout pas quelle soit fumante.\r\nLes retirer et les égoutter sur du papier absorbant. les réserver. \r\nDisposer les beignets sur les morceaux de carpaccio.\r\nNapper les lamelles d\'agneau avec la marinade refroidie. \r\nDéguster les beignets avec la viande cuite dans la marinade.', 'Recette de PACA', 'En attente', 'carpaccio_agneau_au_vinaigre_de_lavande.jpg', '2017-08-03'),
(78, 5, 44, 'Poivrades et barigoulettes', 'viande', '3', '00:20:00', '00:35:00', 4, '- 4 ARTICHAUTS VIOLETS.\r\n\r\n- 100 GRAMMES DE POITRINE FUMÉE.\r\n\r\n- 1 CITRON JAUNE BIEN MÛR.\r\n\r\n- 3 ÉCHALOTES GRISES.\r\n\r\n- 3 GOUSES D\'AIL ROSE DE LAUTREC.\r\n\r\n- 150 GRAMMES DE CHAMPIGNONS DE PARIS.\r\n\r\n- 6 CUILLÈRES À SOUPE DE VIN BLANC SEC.\r\n\r\n- 5 CUILLÈRES À SOUPE D\'HUILE D\'OLIVE.\r\n\r\n- 30 GRAMMES DE BEURRE DE PAMPLIE OU D\'AILLEURS.\r\n\r\n- 2 CUILLÈRES À SOUPE DE PERSIL PLAT CISELÉ.\r\n\r\n- SEL DE MER.\r\n\r\n- POIVRE NOIR AU MOULIN.', 'Préchauffer le four à 240° ou th 8.\r\nLaver les artichauts, les égoutter.\r\nCouper le lard en dés.\r\nPeler et émincés finement les échalotes.\r\nDans une sauteuse en fonte, faire chauffer de l\'huile d\'olive sans la faire fumer.\r\nY faire dorer le lard et fondre les échalotes. \r\nLes réserver.\r\n\r\nBriser la queue des artichauts.\r\nRetirer les quelques feuilles extérieures qui risquent d\'être dures.\r\nLaver les artichauts dans de l\'eau claire citronnée. \r\nLes rincer sous l\'eau du robinet.\r\nLes égoutter.\r\nDans une grande casserole faire bouillir de l\'eau salée.\r\nQuand elle bout, plonger 5 minutes dedans les artichauts. \r\nPuis les égoutter la tête en bas.\r\nHacher finement les gousses d\'ail. \r\n\r\nPréparer et couper en fines lamelles les champignons.\r\nDans un grand sautoir, faire fondre le beurre sans le faire noircir en le mélangeant à une cuillère à soupe d\'huile d\'olive. \r\nY mettre les champignons émincés. \r\nLes faire cuire avec de l\'ail et le persil. \r\nLes réserver.\r\n\r\n\r\nDans une petite casserole, faire réduire de moitié le vin blanc. \r\nMélanger le lard frit et les échalotes aux champignons, bien mélanger. \r\nLes saler et les poivrer selon le goût.\r\n\r\n\r\nPrendre chaque artichaut et écarter les feuilles comme les piques d\'un hérisson, éviter qu\'elles ne s\'arrachent en y allant doucement. \r\nLes faire une par une. \r\nRépartir entre les feuilles le mélange des champignons, du lard et des échalotes. \r\n\r\nRefermer les feuilles par pression pour que les artichauts reprennent une forme normale.\r\nDécouper 4 grandes carrés de papier sulfurisé.\r\nHuiler la face intérieure avec un pinceau. \r\n\r\nDéposer les artichauts au centre, les mouiller avec 1 cuillère à soupe d\'huile d\'olive mélangée à la réduction de vin blanc.\r\nFermer les papillotes hermétiquement en ourlant les bords, c\'est à dire en les repliant.\r\nEnfourner les papillotes et les laisser cuire pendant 35 minutes.\r\n', 'Recette de PACA', 'En attente', 'poivrades_barigoulettes.jpg', '2017-08-02'),
(79, 5, 51, 'Soupe aux tomates et légumes à l\'italienne sur pain rôti', 'vegetarien', '3', '00:20:00', '00:45:00', 4, '- 60 ML D\'HUILE D\'OLIVE \r\n- 1 GROS OIGNON HACHÉ \r\n- 4 GOUSSES D\'AIL HACHÉES FINEMENT \r\n- 50 CL DE CÉLERI TRANCHÉ -1 CAROTTE TRANCHÉE MINCE \r\n- 54 CL) TOMATES EN BOÎTE \r\n- 65 CL DE BOUILLON DE BŒUF \r\n- 6 FEUILLES DE BASILIC FRAIS HACHÉ \r\n- 6 BRINS DE PERSIL FRAIS HACHÉ \r\n- 1 CUILLÈRE À SOUPE DE THYM FRAIS HACHÉ \r\n- 1/4 CUILLÈRE À CAFÉ DE PIMENT FORT BROYÉ \r\n- 8 TRANCHES DE PAIN RÔTIES\r\n- SEL DE CUISINE\r\n- POIVRE EN GRAINS AU MOULIN', 'Dans une grande casserole, faire sauter l\'oignon et l\'ail dans l\'huile, tout en brassant, jusqu\'à ce que l\'oignon soit transparent. \r\n\r\nAjouter le céleri et la carotte et continuer à cuire 5 minutes. \r\nIncorporer les tomates, le bouillon et bien mélanger. \r\n\r\nAjouter le basilic, la moitié du persil, le thym, le piment fort et assaisonner au goût avec le sel et le poivre. \r\n\r\nAmener à ébullition, baisser le feu, couvrir et laisser mijoter 40 minutes. \r\n\r\nDéposer une tranche de pain rôtie dans le fond de chaque bol et couvrir avec la soupe pour ensuite garnir avec une autre tranche de pain.\r\n\r\nSaupoudrer le dessus de chaque portion avec le restant du persil et décorer avec un peu de parmesan frais râpé.', 'Recette de PACA', 'En attente', 'soupe_aux_tomates_et_legumes_italienne.jpg', '2017-08-01'),
(80, 5, 51, 'Soupe au pistou du sud', 'vegetarien', '2', '00:25:00', '03:00:00', 4, '500 GRAMMES DE HARICOTS BLANCS OU ROUGES SECS,\r\n250 GRAMMES DE HARICOTS VERTS,\r\n3 COURGETTES,\r\n250 GRAMMES DE VERMICELLE,\r\n4 GOUSSES D\'AIL,\r\n2 TOMATES BIEN MURES,\r\n1 BOUQUET DE BASILIC,\r\n100 GRAMMES DE PARMESAN RÂPÉ,\r\n3 CUILLÈRES À SOUPE D\'HUILE D\'OLIVE,\r\nSEL FIN DE CUISINE, \r\nPOIVRE NOIR EN GRAINS AU MOULIN.', 'Faire tremper les haricots secs au moins pendant 6 heures.\r\nRemplir d\'eau une casserole. \r\nLa saler, faire bouillir.\r\nNettoyer les haricots verts et les couper en tronçons.\r\nÉplucher les courgettes.\r\n\r\nLes couper en dés. \r\nNettoyer l\'ail. \r\nPeler les tomates. \r\nRincer le bouquet de basilic.\r\nPlonger les haricots blancs ou rouges dans l\'eau bouillante salée. \r\nFaire bouillir et laisser cuire pendant 2 heures. \r\nAjouter alors les haricots verts et les courgettes. \r\nLaisser cuire 1 heure encore.\r\nVerser le vermicelle dans le bouillon. \r\nFaire cuire encore pendant 15 minutes.\r\nPendant ce temps, piler les gousses d\'ail, les tomates, les feuilles du bouquet de basilic et le parmesan râpé en les arrosant peu à peu avec l\'huile d\'olive. \r\nSaler et poivrer. \r\nPiler jusqu\'à ce que le mélange forme une purée homogène.\r\nVerser cette préparation dans la soupe en ébullition. \r\nLaisser bouillir quelques minutes.\r\nPuis, retirer la soupe du feu. \r\nLa servir très chaude.\r\n', 'Recette de PACA', 'En attente', 'soupe_au_pistou_du_sud.jpg', '2017-08-12');
INSERT INTO `recipes` (`id_recipe`, `id_region`, `id_user`, `title`, `star_ingredient`, `difficulty`, `prep_time`, `cook_time`, `portion`, `ingredients`, `methods`, `story`, `status`, `picture_recipe`, `date_recipe`) VALUES
(81, 5, 51, 'Sardines farçies comme sur le vieux port', 'poisson', '2', '01:00:00', '00:00:00', 4, '- 10 SARDINES FRAÎCHES,\r\n- 150 GRAMMES D\'ÉPINARDS,\r\n- 2 CUILLÈRES À SOUPE DE PERSIL PLAT CONCASSÉ,\r\n- 1 GOUSSE D\'AIL ROSE,\r\n- 50 GRAMMES DE MIE DE PAIN,\r\n- 1 OEUF FRAIS,\r\n- 50 GRAMMES DE PARMESAN RÂPÉ,\r\n- 10 CL DE LAIT,\r\n- 1/4 DE LITRE D\'HUILE D\'OLIVE,\r\n- 10 GRAMMES DE SEL FIN DE CUISINE, \r\n- 3 GRAMMES DE POIVRE DU MOULIN', 'Dans un petit récipient, écraser 50 grammes de mie de pain avec 10 cl de lait froid environ, la mie doit être imbibée de lait et compacte, réserver à température ambiante.\r\n\r\nEqueuter 150 grammes d\'épinards, puis les laver dans plusieurs eaux et les égoutter.\r\n\r\nLes blanchir ensuite dans une grande quantité d\'eau à ébullition salée pendant 2 à 3 minutes environ, puis les rafraîchir rapidement dans de l\'eau glacée, et les égoutter.\r\n\r\nLes presser ensuite fortement pour en extraire l\'eau, puis les hacher au couteau.\r\n\r\nPeler et hacher 1 gousse d\'ail.\r\n\r\nLever les filets de 2 sardines et les couper en petits morceaux avec un couteau.\r\n\r\nEgoutter la mie de pain imbibée de lait.\r\n\r\nMélanger à l\'aide d\'une fourchette les épinards avec 2 cuillères à soupe de persil plat concassé, la gousse d\'ail hachée, les petits morceaux de sardine, 50 grammes de parmesan râpé, la mie de pain bien égouttée, saler légèrement, poivrer, et 1 oeuf.\r\n\r\nNettoyer et vider 8 sardines par le dos afin de ne pas fendre la partie ventrale, retirer les arêtes.\r\n\r\nPuis les disposer sur un plat, et garnir chacune copieusement d\'une cuillère à soupe de farce.\r\n\r\nChauffer dans une poêle 1/4 de litre d\'huile d\'olive.\r\n\r\nLorsque l\'huile est chaude, disposer délicatement et cuire les sardines farcies.\r\n\r\nElles doivent être dorées, puis les débarrasser sur un papier absorbant.\r\n\r\nDresser ces sardines farcies sur un plat de service, les déguster chaudes, tièdes ou froides en hors d\'oeuvre.\r\n\r\nOn peut également les déguster en plat principal accompagnées d\'une salade frisée avec des petits croûtons aillés ou des pommes de terre vapeur.', 'Recette de PACA', 'En attente', 'sardines_farcies_comme_sur_le_vieux_port.jpg', '2017-08-11'),
(82, 5, 46, 'Maigre en escalope aux olives nouvelles de Lucques', 'poisson', '3', '00:20:00', '00:10:00', 4, '- 4 ESCALOPES DE MAIGRE EN FILETS DE 18O GRAMMES,\r\n- 10 CL D\'HUILE D\'OLIVE DE LUCQUES,\r\n- 300 GRAMMES D\'OLIVES NOUVELLES DE LUCQUES,\r\n- 4 BRANCHES DE THYM ROMARIN,\r\n- 4 FEUILLES DE LAURIER,\r\n- 4 ZESTES DE CITRON,\r\n- POIVRE', 'Tailler dans la moitié des olives de gros zestes qui mettront le noyau à nu. \r\n\r\nInciser chaque escalope côté peau de trois boutonnières dans lesquelles on glissera délicatement un zeste. \r\n\r\nRéserver le reste dans une petite casserole,rajouter les olives entières et couvrir d\'huile. \r\n\r\nDans une plaque allant au four mettre les 50 cl d\'huile d\'olive de Lucques. \r\n\r\nInstaller les escalopes côté peau dessus dans le four à 100° sans préchauffage cuisson 10 minutes.\r\n\r\nMettre à chauffer à feu très doux les olives et les zestes dans l\'huile. \r\n\r\nPendant que le poisson, cuit préchauffer les assiettes. \r\n\r\nA la fin de cuisson, recueillir le jus de cuisson dans la casserole contenant les olives. \r\n\r\nDresser les escalopes dans chaque assiette et répartir jus et olives entières et les zestes de citron en décor.\r\n\r\nDécorer d\'une branche de thym romarin et laurier chauffé à la vapeur. Les arômes viendront se mêler à celui des olives et de l\'huile. Rectifier l\'asaisonnement avec le poivre du moulin. Truc et astuces : on ne sale pas le maigre, il est suffisamment salé par lui même et parait-il nous mangeons trop salé.\r\n', 'Recette de PACA', 'En attente', 'maigre_en_escalope_aux_olives_nouvelles_de_lucques.jpg', '2017-08-10'),
(83, 5, 46, 'Osso Bucco à la provençale', 'viande', '2', '00:20:00', '01:30:00', 4, '1 KG DE JARRET DE VEAU COUPÉ EN 4 TRANCHES,\r\n1 JEUNE CAROTTE FANE,\r\n1 GOUSSE D\'AIL EN CHEMISE,\r\n1 BRANCHE DE CÉLERI,\r\n4 TOMATES BIEN MUÛES,\r\n50 GRAMMES DE FARINE 55 TAMISÉE,\r\n20 GRAMMES DE BEURRE SALÉ,\r\n1 CUILLÈRE À SOUPE D\'HUILE D\'OLIVE,\r\n1 VERRE DE VIN BLANC SEC,\r\n1 TABLETTE DE BOUILLON DE VEAU,\r\n15 GRAMMES DE SEL FIN DE CUISINE,\r\n3 GRAMMES DE POIVRE NOIR EN GRAINS AU MOULIN.', 'Peler et couper en julienne la carotte, la gousse d\'ail, et le céleri.\r\nÉbouillanter, peler et épépiner les tomates.\r\nPuis, concasser la chair.\r\nDans une cocotte faire chauffer l\'huile sans la faire fumer.\r\nRajouter le beurre et le faire fondre.\r\nMettre la viande à revenir sur toutes les faces.\r\nPuis, les fariner, les laisser roussir légèrement.\r\nLes sortir de la casserole et les égoutter.\r\n\r\nDans une casserole, faire chauffer de l\'eau.\r\nY faire fondre la tablette de légumes.\r\nLaisser cuire quelques minutes.\r\n\r\nDans la même cocotte, faire revenir les légumes, quelques minutes sans les colorer.\r\nRemettre la viande dans la cocotte.\r\nAjouter les tomates, le vin blanc et le bouillon de légumes.\r\nCouvrir la cocotte.\r\nLaisser cuire le plat 60 minutes à feu doux.\r\n\r\nPendant ce temps préparer la gremolata, l\'accompagnement traditionnel de l\'osso bucco.\r\nBrosser sous l\'eau courante le citron et l\'orange. \r\nLes essuyer. \r\nPrélever de leur zeste en évitant de prendre de la peau blanche trop amère.\r\nLaver, essorer le persil. \r\nHacher finement le persil, les zestes et la gousse d\'ail.\r\nAssaisonner de muscade râpée.\r\nParsemer l\'osso bucco de gremolta au moment de servir.', 'Recette de PACA', 'En attente', 'osso_bucco_a_la_provencale.jpg', '2017-08-09'),
(84, 5, 47, 'Pissaladière de caviar d\'aubergines et oignons confits gratinés', 'poisson', '2', '00:10:00', '01:15:00', 6, '4 AUBERGINES,\r\n1/2 CUILLÈRE À CAFÉ D\'AIL,\r\n1/2 VERRE DE D\'HUILE D\'OLIVE,\r\n1 PINCÉE DE CUMIN,\r\n1 PINCÉE DE PIMENT D\'ESPELETTE,\r\nSEL FIN DE CUISINE.\r\n\r\nPOUR LA CONFITURE D\'OIGNONS:\r\n4 OIGNONS,\r\n5 ANCHOIS,\r\n50 CL DE VIN BLANC,\r\n1 VERRE DE VINAIGRE BALSAMIQUE,\r\n30 GRAMMES DE SUCRE SEMOULE,\r\nHUILE D\'OLIVE,\r\n1 BRANCHE DE THYM.\r\n\r\nPOUR LA PISSALADIÈRE:\r\n250 GRAMMES DE PÂTE FEUILLETÉE,\r\n4 ANCHOIS,\r\n50 GRAMMES DE PARMESAN RÂPÉ,\r\n10 OLIVES NOIRES.', 'Pour le caviar d\'aubergines: Préchauffer votre four à 210°C ou th 7. \r\nLaver les aubergines et les couper en deux dans leur longueur. \r\nEnfourner et laisser cuire 1 heure. \r\nLorsqu\'elles sont cuites, enlever la pulpe et la mixer avec de l\'ail, l\'huile, le cumin, le piment et le sel.\r\n\r\nPréparer la confiture d\'oignons: \r\nPeler et émincer les oignons très finement. \r\nLes faire revenir, sans qu\'ils prennent la couleur, dans l\'huile d\'olive avec le thym et les anchois. \r\nAjouter du vin blanc, le vinaigre et le sucre. \r\nLaisser compoter à feu doux 1 heure.\r\n\r\nPour la pissaladière: \r\nÉtaler quatre ronds de feuilletage, puis déposer les sur une plaque à patisserie en les recouvrant d\'une autre plaque pour que la pâte ne monte pas. \r\nEnfourner 15 minutes à 210°. \r\nLorsque les feuilletés sont cuits, les recouvrir d\'une fine couche de caviar d\'aubergine, d\'une couche d\'oignon confit puis d\'un anchois. \r\nAjouter un peu de parmesan râpé. \r\nLaisser gratiner au four et décorer avec une olive.', 'Recette de PACA', 'En attente', 'pissaladiere_de_caviar_aubergines_oignons_confits_gratines.jpg', '2017-08-08'),
(85, 5, 47, 'Artichauts barigoule, sucette de parmesan', 'vegetarien', '2', '00:20:00', '00:10:00', 4, '8 PETITS ARTICHAUTS VIOLETS, \r\n1 BULBE DE FENOUIL,\r\n4 OIGNONS NOUVEAUX,\r\n8 TÊTES DE CHAMPIGNONS DE PARIS.\r\n\r\nPOUR LA GARNITURE DES ARTICHAUTS:\r\n1 CAROTTE FANE,\r\n1 BRANCHE DE CÉLERI, \r\n2 TRANCHES DE POITRINE FUMÉE, \r\n2 GOUSSES D\'AIL, \r\n1 BEL OIGNON JAUNE,\r\n30 CL DE FOND BLANC,\r\n1/2 CITRON,\r\n20 CL DE VIN BLANC,\r\n2 CUILLÈRES À SOUPE D\'HUILE D\'OLIVE,\r\n30 GRAMMES DE BEURRE, \r\n4 BRINS DE BASILIC,\r\n4 BRINS DE CERFEUIL,\r\n15 GRAMMES DE SEL FIN DE CUISINE,\r\n5 GRAMMES DE POIVRE NOIR EN GRAINS.', 'Commencer par la brunoise en préparant la totalité des légumes et couper le lard en dés.\r\nTourner ensuite les artichauts en les évidant au centre. \r\nPuis, les déposer dans de l\'eau froid. \r\n\r\nFaire rissoler dans la casserole chaude avec un peu de beurre et d\'huile d\'olive la brunoise et le lard .\r\nAjouter les artichauts, le jus d\'un demi citron et le vin blanc.\r\nPorter le tout à ébullition.\r\nAjouter le basilic et le fond de volaille, saler et poivrer.\r\n\r\nPréparer le fenouil. \r\nSortir les artichauts et ajouter le fenouil dans le cocotte.\r\nPréparer les champignons et remplacer le fenouil par ceux-ci.\r\nAprès cuisson des champignons passer au chinois la brunoise.\r\nAjouter une noix de beurre et un peu d\'huile d\'olive et la monter au mixeur .\r\nAjouter le basilic frais ciselé à la sauce .\r\nRemettre tous les légumes pour que le tout soit bien chaud.\r\n\r\nPréparer maintenant les sucettes de parmesan.\r\nDans une assiette déposer sur du papier cuisson un cure-dent puis le parmesan finement moulu en laissant dépasser le bout du cure dent de deux cm. \r\nMettre au micro-ondes 15 secondes au maximum de puissance.\r\nPour réaliser une pommade Basilic, mixer le basilic frais avec un peu d\'huile d\'olive du sel et du poivre et mettre au frais dans un petit coin hermétique.\r\n\r\nC\'est une préparation à garder au frais pendant une semaine. ', 'Recette de PACA', 'En attente', 'artichauts_barigoule.jpg', '2017-08-07'),
(86, 5, 47, 'Ceviche d\'huîtres au citron de pays et câpres', 'fruits de mer', '2', '00:35:00', '00:05:00', 4, '24 HUÎTRES DE BOUZIGUES,\r\n10 CL DE VIN BLANC SEC,\r\n1 ÉCHALOTE GRISE CISELÉE,\r\n15 GRAMMES DE POIVRE NOIR MIGNONNETTE,\r\n1 FEUILLE DE GÉLATINE.\r\n\r\nLA GARNITURE :\r\n1 CITRON DE PAYS,\r\n40 GRAMMES CÂPRES AU SEL DESSALÉS,\r\n30 GRAMMES TOMATE SÉCHÉE AU SOLEIL,\r\n8 FEUILLES DE BASILIC,\r\n1/4 DL D\'HUILE D\'OLIVE,\r\n40 GRAMMES D\'ANETH,\r\n1 JUS DE CITRON.\r\n\r\nLA SALADE :\r\n1 FENOUIL EN BULBE,\r\n2 ARTICHAUTS POIVRADE,\r\n1 JUS DE CITRON,\r\n1 CUILLÈRE D\'HUILE D\'OLIVE PARFUMÉE À L\'ANETH, \r\n1/2 CUILLÈRE D\'ANETH CISELÉ,\r\n15 GRAMMES DE SEL FIN,\r\n5 GRAMMES DE POIVRE DU MOULIN.\r\n\r\nFINITION :\r\n4 CITRONS DE PAYS,\r\n30 GRAMMES DE PIGNONS DE PIN TORRÉFIÉS,\r\n4 PLUCHES D\'ANETH,\r\n12 FEUILLES DE CITRONNIER,\r\nGERME DE FENOUIL ET D\'OIGNON. \r\n\r\nFACULTATIF :\r\n5 FLEURS DE CAPUCINE. \r\n', 'Préparation :\r\nTout d\'abord, plonger la gélatine dans l\'eau froide.\r\nCiseler les échalotes.Les ajouter au vin blanc. \r\nBien Poivrer.\r\nOuvrir les huîtres, jeter la 1ère eau.\r\nPuis, les déposer dans un plat.\r\nRetirer les huîtres de leur coquilles.\r\nLes laisser reposer quelques minutes.\r\nPuis, récupérer le jus des huîtres.\r\nLe filtrer et faire chauffer ce jus.\r\nIncorporer la gélatine bien essorée dans la casserole.\r\nAttention elle fond très rapidement.\r\nPuis, hors du feu ajouter le vin et les échalotes.\r\nPasser cette préparation au chinois.\r\nLa mettre au réfrigérateur pendant 1 heure.\r\nQuant aux huîtres, les égoutter.\r\nLes mettre dans un plat propre.\r\nPuis, les réserver au réfrigérateur.\r\n\r\nPour l\'huile d\'aneth :\r\nFaire chauffer l\'huile d\'olive à 100° environ.\r\nFaire blanchir l\'aneth quelques secondes.\r\nPuis, refroidir la casserole dans un bol d\'eau glacée.\r\nMixer la préparation fortement.\r\nLa passer au chinois si nécessaire.\r\n\r\nPréparer la garniture :\r\nCouper en petits dés les tomates séchées, les zestes de citron, la pulpe de ce citron, les feuilles de basilic. \r\nRéserver.\r\nCouper également la gelée d\'huître en petits cubes.\r\nRéserver au frais.\r\nTourner les artichauts.\r\nLes tailler finement à la mandoline ainsi que le fenouil.\r\nRéserver le tout dans l\'eau glacée.\r\nPuis, les passer à l\'essoreuse à salade.\r\nPour les citrons, faire une découpe en pointe.\r\nReprendre les huîtres.\r\nBien assaisonner légèrement de jus de citron,\r\nEn garder un peu pour la salade d\'artichaut et de fenouil.\r\nAjouter de l\'huile d\'aneth.\r\nSaler et poivrer.\r\nDresser les huîtres sur un lit de gelée.\r\nUtiliser le reste de la marinade des huîtres.\r\nY mélanger, tomates, basilic, câpres, zeste et pulpe de citron et un peu d\'huile d\'aneth.\r\nDéposer une cuillère de cette préparation sur chaque huître.\r\nMettre un peu de salade à l\'intérieur du citron.\r\nPour terminer l\'assiette, ajouter des germes de fenouil, d\'oignon et d\'ail et pour la couleur, des pétales de capucines.\r\n', 'Recette de PACA', 'En attente', 'ceviche_huitres.jpg', '2017-08-06'),
(87, 6, 53, 'Beignets de brocciu à la menthe sauvage.', 'vegetarien', '2', '00:20:00', '00:06:00', 4, '250 GRAMMES DE FARINE DE FROMENT,\r\n1 SACHET DE LEVURE CHIMIQUE,\r\n1 OEUF EXTRA FRAIS,\r\n1 PETIT BOUQUET DE MENTHE FRAÎCHE,\r\n400 GRAMMES DE FROMAGE DE CHÈVRE FRAIS,\r\n30 CL D\'HUILE DE FRITURE,\r\n3 GRAMMES DE SEL FIN,\r\nPOIVRE NOIR EN GRAINS DU MOULIN.', 'Tamiser la farine dans une grande terrine.\r\nY ajouter une bonne pincée de sel et 1 cuillerée à café de levure chimique.\r\nY verser suffisamment d\'eau.\r\nBien remuer pour obtenir une pâte pas trop fluide, homogène et bien lisse. \r\nAjouter l\'oeuf.\r\nBien mélanger intimement.\r\nPuis couvrir la pâte.\r\nLa laisser reposer pendant 1 heure au frais.\r\nLaver la menthe, l\'éponger.\r\nPuis, ciseler finement les feuilles. \r\nÉmietter le fromage.\r\nAjouter du poivre noir concassé suivant son goût.\r\n\r\nLa Cuisson.  \r\nFaire chauffer un bain d\'huile.\r\nY plonger une baguette en bois, la bonne température est atteinte lorsque de petites bulles montent le long de la baguette. \r\nIncorporer le fromage assaisonné et la menthe à la pâte. \r\nPrélever 1 cuillère de pâte.\r\nLa faire glisser dans le bain d\'huile en la poussant avec une autre cuillère. \r\nLaisser gonfler et dorer 6 minutes.\r\nPuis la sortir du bains avec une écumoire.\r\nL\'égoutter sur du papier absorbant.\r\nNe pas faire frire une trop grande quantité de beignets à la fois.\r\nLes éponger sur du papier absorbant avant de les servir, le plus chaud possible. ', 'Recette Corse', 'En attente', 'beignets_de_brocciu.jpg', '2017-08-13'),
(88, 6, 53, 'Soupe de légumes corse', 'vegetarien', '3', '00:15:00', '00:15:00', 6, '3 JEUNES POIREAUX, \r\n3 CAROTTES, \r\n2 COURGETTES, \r\n3 NAVETS, \r\n3 TOMATES, \r\n2 OIGNONS, \r\n1 BRANCHE DE CÉLERI, \r\n2 FEUILLES DE BLETTES,\r\n1 PETITE TRANCHE DE COURGE,\r\n160 GRAMMES DE HARICOTS VERTS FAIS JUSTE COUPÉS,\r\n1 TALON DE COPPA OU DE JAMBON CRU OU CHARCUTERIES CRUES FUMÉES\r\n2 CUILLÈRES À SOUPE D\'HUILE D\'OLIVE,\r\n1 POIGNÉE DE SPAGHETTI COUPÉS GROSSIÈREMENT À LA MAIN,\r\nPARMESAN RÂPÉ À METTRE SUR TABLE,\r\n1,5 LITRE D\'EAU,\r\nSEL FIN DE CUISINE, \r\nPOIVRE NOIR EN GRAINS DU MOULIN.', 'Détailler les légumes en morceaux.\r\nPuis les faire revenir dans l\'huile d\'olive rapidement.\r\nAjouter le jambon ou coppa coupé en gros morceaux.\r\nLes faire suer.\r\nSaler poivrer très légèrement.\r\nMouiller avec l\'eau.\r\nCouvrir la cocotte aux premiers bouillons.\r\n5 minutes avant de passer à table, jeter les spaghetti en pluie.\r\nFaire reprendre 1 ou 2 bouillons. \r\nCouvrir et garder hors du feu.\r\nServir en soupière sur table avec le parmesan pour les amateurs .', 'Recette Corse', 'En attente', 'soupe_de_legumes_corse.jpg', '2017-08-20'),
(89, 6, 53, 'Panzerotti', 'vegetarien', '3', '00:30:00', '00:30:00', 4, '75 GRAMMES DE RIZ ROND.\r\n10 GRAMMES DE LEVURE DE BOULANGER.\r\n1 CITRON NON TRAITÉ.\r\n80 GRAMMES DE SUCRE EN POUDRE.\r\n1 CUILLÈRE À SOUPE D\'HUILE D\'OLIVE.\r\n7 CL D\'EAU DE VIE.\r\n4 ŒUFS EXTRA FRAIS.\r\nHUILE DE FRITURE.\r\nSEL FIN DE CUISINE.', '75 GRAMMES DE RIZ ROND.\r\n10 GRAMMES DE LEVURE DE BOULANGER.\r\n1 CITRON NON TRAITÉ.\r\n80 GRAMMES DE SUCRE EN POUDRE.\r\n1 CUILLÈRE À SOUPE D\'HUILE D\'OLIVE.\r\n7 CL D\'EAU DE VIE.\r\n4 ŒUFS EXTRA FRAIS.\r\nHUILE DE FRITURE.\r\nSEL FIN DE CUISINE.', 'Recette Corse', 'En attente', 'panzerotti.jpg', '2017-08-16'),
(90, 6, 54, 'Lapin à la corse', 'viande', '2', '00:30:00', '01:00:00', 6, '1 BEAU LAPIN DE 1,8 KG, \r\n50 GRAMMES DE GRAISSE, SAINDOUX DE PRÉFÉRENCE,\r\n30 GRAMMES DE CERNEAUX DE NOIX,\r\n2 GOUSSES D\'AIL,\r\n8 BRINS DE PERSIL,\r\n1 FEUILLE DE LAURIER,\r\n1 VERRE DE VIN BLANC SEC,\r\n1 VERRE À LIQUEUR DE FINE D\'ALCOOL CORSE,\r\nSEL FIN DE CUISINE,\r\nPOIVRE NOIR EN GRAINS DU MOULIN.\r\n\r\nON PEUT AUSSI UTILISER LE WHISKY CORSE À LA PLACE DE L\'ALCCOL CORSE POUR FLAMBER.', 'Couper le lapin en morceaux.\r\nFaire revenir ceux-ci dans la graisse mise dans un sautoir à fond épais.\r\nFaire rissoler sans attacher. \r\nLaisser cuire ensuite à feu modéré pendant une heure.\r\nSaler et poivrer. \r\nD\'autre part hacher le foie du lapin avec de l\'ail du persil et un fragment de laurier. \r\nAjouter les noix pilées ainsi que le vin blanc corse. \r\nLe saler et le poivrer.\r\nFaire mijoter le tout dans une casserole à part pour former une sauce onctueuse.\r\nQuand le lapin est cuit, dresser les morceaux sur un plat de service.\r\nDéglacer le fond de cuisson avec la sauce préparée à part. \r\nLe faire bouillir.\r\nY verser l\'alcool hors du feu.\r\nLe flamber.\r\nBien remuer.\r\nNapper les morceaux de lapin avec cette sauce.', 'Recette Corse', 'En attente', 'lapin_a_la_corse.jpg', '2017-08-13'),
(91, 6, 54, 'Ragoût d\'encornets', 'poisson', '2', '00:40:00', '01:00:00', 4, '1KG D\'ENCORNETS.\r\n2 OIGNONS.\r\n4 TOMATES.\r\n2 GOUSSES D\'AIL.\r\n1 PIMENT ROUGE.\r\n3 CUILLÈRES À SOUPE D\'HUILE D\'OLIVE.\r\n1 BOUQUET GARNI.\r\nSEL FIN DE CUISINE.\r\nPOIVRE NOIR EN GRAINS DU MOULIN.', '\r\nNettoyer les encornets.\r\nEnlever la poche d\'encre.\r\nLes laver, les essuyer.\r\nCouper en lanières les tentacules les manteaux.\r\nÉplucher,émincer les oignons.\r\nPeler, épépiner les tomates.\r\nÉplucher,hacher l\'ail.\r\nCouper le piment en deux.\r\nDans une sauteuse faire chauffer l\'huile.\r\nMettre les oignons à blondir 6 minutes.\r\nAjouter les tentacules, les tomates , l\'ail,le piment, le bouquet garni.\r\nSaler, poivrer.\r\nLaisser cuire à feu moyen 10 minutes.\r\nRetirer le bouquet garni, le piment.\r\nAjouter les manteaux.\r\nBien mélanger.\r\nlaisser cuire 45 minutes à feu doux.\r\nServir chaud.\r\n', 'Recette Corse', 'En attente', 'ragout_encornets.jpg', '2017-08-12'),
(92, 6, 55, 'Carré de porc aux clémentines de Corse', 'viande', '3', '00:10:00', '00:45:00', 4, '1 KG DE CARRÉ DE PORC,\r\n700 GRAMMES DE CLÉMENTINES,\r\n50 CL DE FOND DE VEAU,\r\n25 GRAMMES DE JEUNES CAROTTES,\r\n25 GRAMMES D\'OIGNONS DOUX,\r\n1 CL DE LIQUEUR DE CLÉMENTINES,\r\n15 GRAMMES DE MIEL DU MAQUIS,\r\n2 GOUSSES D\'AIL,\r\n2 BRINS DE THYM,\r\nSEL FIN DE CUISINE,\r\nPOIVRE NOIR EN GRAINS DU MOULIN.', 'Préchauffer le four à 160°C ou th 5.\r\n\r\nLe Carré de Porc :\r\nSaler et poivrer le carré de porc.\r\nLe saisir à la poêle sur chaque face. \r\nLe disposer sur une plaque à rôtir.\r\nLe  saisir en l\'arrosant de temps en temps. \r\nL\'enfourner.\r\nLorsque les carrés sont bien dorés, ajouter la mirepoix.\r\nCe sont des carottes et oignons coupés en petits dés.\r\nRajouter l\'ail écrasé et le thym. \r\nContinuer la cuisson en arrosant souvent. \r\nAu terme de la cuisson, retirer le rôti.\r\nLe réserver au chaud \r\n\r\nPréparation de la sauce : \r\nDégraisser la plaque. \r\nDéglacer avec le jus de 8 clémentines, la liqueur de clémentines et le miel du maquis. \r\nPorter à ébullition. \r\nAjouter les 40 cl de fond de veau. \r\nLes faire réduire de moitié. \r\nRectifier l\'assaisonnement \r\nRéserver. \r\n\r\nPréparation des clémentines : \r\nÉplucher toutes les clémentines.\r\nEn garder 4 entières. \r\nDéfaire les autres en quartiers.\r\nLes plonger dans la sauce. \r\nMettre les 4 clémentines.\r\nArroser de 2 cuillères à soupe de sauce chacune, dans un sautoir.\r\nLes passer sous le grill en arrosant souvent. \r\nRépéter cette opération jusqu\'à ce que les clémentines soient bien brillantes. \r\nAttention ! La chaleur du grill ne doit pas être trop vive sinon les clémentines éclateront. \r\n\r\nDressage : \r\nDresser dans un plat. \r\nNapper de sauce avec les quartiers de clémentines.\r\nDisposer tout autour les clémentines entières.', 'Recette Corse', 'En attente', 'carre_de_porc.jpg', '2017-08-11'),
(93, 6, 55, 'Salade de langouste aux deux agrumes', 'fruits de mer', '2', '00:20:00', '00:08:00', 4, '1 LANGOUSTE ROSE DE 1 KG ENVIRON,\r\n2 ORANGES,\r\n1 PAMPLEMOUSSE,\r\n2 CUILLÈRES À SOUPE D\'HUILE D\'OLIVE \r\n15 GRAMMES DE SEL FIN DE CUISINE,\r\n5 GRAMMES DE POIVRE NOIR EN GRAINS AU MOULIN.', '\r\nFaire cuire la langouste dans un grand volume d\'eau glacée bouillante, 7 à 8 minutes à partir de la reprise de l\'ébullition.\r\nLa laisser ensuite refroidir.\r\nPeler les oranges et le pamplemousse.\r\nLes détailler en quartiers en enlevant la peau.\r\nLes trancher en deux dans le sens de la longueur.\r\nRécupérer le jus des agrumes.\r\nL\'utiliser pour faire une vinaigrette avec l\'huile d\'olive.\r\nCouper la queue de la langouste en fines rondelles .\r\nDisposer en rosaces les segments d\'agrumes en les alternant avec les rondelles de langouste.\r\nAssaisonner chaque assiette de vinaigrette.\r\nServir aussitôt.', 'Recette Corse', 'En attente', 'salade_de_langouste_deux_agrumes.jpg', '2017-08-10'),
(94, 6, 56, 'Moules de corse gratinées au parmesan en gaspacho', 'fruits de mer', '2', '00:15:00', '00:06:00', 4, '2 LITRES DE MOULES DE BOUCHOTS,\r\n1 LITRE DE GASPACHO FRAIS EN BOCAL,\r\n200 GRAMMES DE PARMESAN,\r\n1 BOUQUET DE BASILIC,\r\n5 CL D\'HUILE D\'OLIVE,\r\nSEL FIN DE CUISINE,\r\nPOIVRE NOIR EN GRAINS DU MOULIN.', 'Ouvrir les moules pendant 3 minutes à feu vif dans un fond d\'eau et d\'huile d\'olive. \r\nDécoquiller les moules. \r\nLes disposer sur du papier aluminium.\r\nLes saupoudrer de parmesan râpé.\r\nLes poivrer.\r\nLes passer au four sous le gril pendant 3 minutes.\r\nServir les moules dans un gaspacho acheté ou préparé à l\'avance. \r\nDécorer avec des feuilles de basilic.\r\n', 'Recette corse', 'En attente', 'moules_de_corse_gratines.jpg', '2017-08-09'),
(95, 6, 57, 'Tarte aux herbes corse', 'vegetarien', '2', '00:30:00', '00:20:00', 4, '1 ROULEAU DE PÂTE BRISÉE DE 300 GRAMMES ENVIRON,\r\n2 CUILLÈRES À SOUPE D\'HUILE D\'OLIVE,\r\n1 BOTTE DE BLETTES OU BETTES DE 500 GRAMMES,\r\n1 CUILLÈRE À CAFÉ DE SUCRE,\r\n2 OIGNONS MOYENS,\r\n3 OEUFS EXTRA FRAIS,\r\n1 CUILLÈRE À SOUPE D\'HERBES DE PROVENCE SÉCHÉES, THYM, ROMARIN, ORIGAN...\r\n15 CL DE CRÈME LIQUIDE,\r\n1 PINCÉE DE SEL FIN DE CUISINE,\r\nPOIVRE NOIR EN GRAINS DU MOULIN.', 'Préchauffer le four à 180° C ou th 6.\r\nÉtaler la pâte dans un moule à manqué de 26 cm de diamètre environ. \r\nRabattre le surplus de pâte qui sort du moule pour former les bords de la tarte. \r\nFaire blanchir les blettes à l\'eau bouillante salée pendant 15 minutes.\r\nPuis, les égoutter.\r\nLes réserver. \r\nPrendre une poêle.\r\nY faire chauffer l\'huile d\'olive.\r\nY mettre à caraméliser les oignons coupés en lamelles.\r\nRajouter la cuillerée à café de sucre semoule. \r\nDans un petit saladier, battre les oeufs avec la pincée de sel et de poivre.\r\nAjouter la crème liquide, pour délier.\r\nAjouter 1 demi-verre d\'eau. \r\nLorsque les oignons sont bien dorés.\r\nAjouter les blettes coupées en gros morceaux, et les herbes séchées. \r\nFaire revenir 2 ou 3 minutes.\r\nAssaisonner et verser le tout sur la pâte. \r\nRecouvrir du mélange d\'oeufs et de crème.\r\nEnfourner à 180°C ou th <6 pendant 25 à 30 minutes. \r\nServir chaud, tel quel ou sur un lit de mesclun et de cerneaux de noix assaisonnés de vinaigre balsamique.\r\n', 'Recette Corse', 'En attente', 'tarte_aux_herbes_corse.jpg', '2017-08-08'),
(96, 6, 57, 'Côtelettes de marcassin aux tomates confites', 'viande', '2', '00:30:00', '03:10:00', 4, '4 CÔTELETTES DE MARCASSIN,\r\n2 KG DE TOMATES OLIVETTES,\r\n10 CL D\'HUILE D\'OLIVE,\r\n5 GOUSSES D\'AIL,\r\n6 BRINS DE THYM FRAIS,\r\nGROS SEL DE MER,\r\nSUCRE EN POUDRE,\r\nSEL FIN DE CUISINE, \r\nPOIVRE NOIR EN GRAINS DU MOULIN', 'Mettre de l\'eau dans une grande casserole.\r\nLa porter à ébullition.\r\nY ébouillanter les tomates pendant 50 secondes.\r\nLes égoutter, les plonger aussitôt dans une bassine d\'eau froide.\r\nLes essuyer, et les peler.\r\nLes couper en deux dans le sens de la hauteur.\r\nRetirer les graines.\r\nPréchauffer le four à 90°ou th 2.\r\nDisposer une feuille de papier d\'aluminium sur la plaque du four.\r\nLa badigeonner d\'huile d\'olive.\r\nRanger les demi-tomates, bien à plat.\r\nPeler les gousses d\'ail.\r\nLes hacher grossièrement.\r\nLes éparpiller sur les tomates.\r\nAjouter le thym.\r\nLe pulvériser entre les doigts.\r\nPuis, arroser le tout d\'huile d\'olive.\r\nMélanger un peu de gros sel écrasé et 2 ou 3 pincées de sucre semoule.\r\nEn saupoudrer les tomates.\r\nLes faire cuire dans le four 3 heures.\r\nLes retourner à mi-cuisson.\r\nTrente minutes avant de les servir.\r\nSaler et poivrer les côtelettes de marcassin sur les deux faces.\r\nFaire chauffer un peu d\'huile d\'olive dans une grande poêle en fonte.\r\nY faire saisir les côtelettes des deux côtés.\r\nPuis, poursuivre la cuisson en baissant légèrement le feu.\r\nIl faut compter 10 minutes par face.\r\nLes égoutter.\r\nLes disposer sur des assiettes de service chaudes.\r\nLes entourer de tomates à l\'ail confites.\r\nLes servir aussitôt.', 'Recette Corse', 'En attente', 'cotelettes_de_marcassin.jpg', '2017-08-07'),
(97, 7, 64, 'Risotto aux cèpes et foie gras', 'viande', '2', '00:25:00', '00:25:00', 4, '200 GRAMMES DE RIZ SPÉCIAL RISOTTO,\r\n500 GRAMMES DE CÈPES,\r\n4 TRANCHES DE FOIE GRAS,\r\n65 CL DE BOUILLON DE POULE OU DE CANARD AU CHOIX,\r\n2 ÉCHALOTES GRISES,\r\n1 GOUSSE D\'AIL ROSE,\r\n80 GRAMMES DE PARMESAN EN UN SEUL MORCEAU,\r\n2 CUILLÈRES À SOUPE DE CRÈME FRAÎCHE DOUBLE,\r\n1 CUILLÈRE À SOUPE DE VINAIGRE BALSAMIQUE,\r\n2 BRINS DE CERFEUIL,\r\n40 GRAMMES DE BEURRE FRAIS,\r\n2 CUILLÈRES À SOUPE D\'HUILE D\'OLIVE,\r\nSEL FIN DE CUISINE, \r\nPOIVRE NOIR EN GRAINS AU MOULIN.\r\n\r\n', 'Chauffer le bouillon de poule ou de canard. \r\nLe bouillon de poule existe tout fait, celui de canard sera à faire soi même.\r\nFaire revenir dans une cocotte avec 20 grammes de beurre, les échalotes et l\'ail haché pendant 5 minutes. \r\nPuis, y verser le riz.\r\nBien remuer jusqu\'à ce que les grains soient translucides. \r\nAjouter une louche de bouillon de poule.\r\nBien remuer.\r\nDès frémissement le couvrir et cuire jusqu\'à absorption complète du jus. \r\nRajouter du bouillon en trois fois.\r\nPuis le retirer du feu.\r\nRéserver le risotto, mais le remuer de temps en temps.\r\n\r\nNettoyer les cèpes.\r\nBien les essuyer avec un linge ou les brosser.\r\nNe pas les laver.\r\nCouper les cèpes.\r\nLes faire revenir dans 2 cuillères à soupe d\'huile jusqu\'à évaporation de l\'eau. \r\nLes saler et les poivrer.\r\nPuis, continuer à les faire dorer.\r\n\r\nCouper 4 lamelles de parmesan et râper le reste.\r\nIncorporer au riz cuit, le beurre restant, le parmesan râpé et la crème fraîche. \r\nLes retirer du feu.\r\nCouvrir la cocotte d\'un torchon puis, d\'un couvercle. \r\nLaisser reposer 3 minutes.\r\n\r\nSaler et poivrer les tranches de foie gras. \r\nLes cuire dans une poêle très chaude, à feu vif, 1 minute par face. \r\nAsperger de vinaigre avec délicatesse.\r\n\r\nRépartir les cèpes sur les assiettes. \r\nCouvrir de risotto et de foie gras. \r\nAjouter les lamelles de parmesan et les brins de cerfeuil par dessus. \r\nServir aussitôt.\r\n', 'Recette des Landes', 'En attente', 'risotto_aux_cepes_foie_gras.jpg', '2017-08-06'),
(98, 7, 64, 'Axoa à l\'épaule d\'agneau', 'viande', '2', '00:15:00', '01:00:00', 4, '1 ÉPAULE D\'AGNEAU, \r\n4 LANGUES D\'AGNEAU, \r\n4 PIEDS D\'AGNEAU,\r\n2 OIGNONS JAUNE, \r\n1 GROS POIVRON ROUGE, \r\n8 PIMENTS VERTS DOUX, \r\n2 GOUSSES D\'AIL ROSE, \r\n2 FEUILLES DE LAURIER PIMENT D\'ESPELETTE EN POUDRE,\r\nSEL FIN DE CUISINE,\r\nPOIVRE NOIR EN GRAINS DU MOULIN.\r\n', 'Blanchir les pieds et les langues d\'agneau. \r\nPeler les langues.\r\nTailler l\'épaule d\'agneau en cube de 1 cm sur 1 cm ainsi que les oignons, le poivron rouge et les piments.\r\nDans une cocotte, faire suer les oignons, le poivron, les piments, l\'ail, le laurier avec un peu de graisse.\r\nFaire sauter l\'épaule dans une poêle.Mélanger la viande dans la cocotte avec la garniture. \r\nAjouter les langues, les pieds et le piment en poudre.\r\nMouiller à hauteur avec un peu d\'eau ou de blanc d\'agneau.\r\nCouvrir à ébullition.\r\nCuire l\'épaule 20 à 25 minutes puis décanter.\r\nFinir la cuisson des pieds et des langues en laissant mijoter à découvert. ', 'Recette Basque', 'En attente', 'axoa_a_epaule_agneau.jpg', '2017-08-21'),
(99, 7, 64, 'Chipirons farcis', 'poisson', '3', '00:20:00', '01:15:00', 4, '8 CHIPIRONS,\r\n6 CUILLÈRES À SOUPE D\'HUILE D\'OLIVE,\r\n1 GOUSSE D\'AIL,\r\n2 OIGNONS JAUNES,\r\n200 GRAMMES DE JAMBON DE BAYONNE,\r\n4 BRANCHES DE PERSIL,\r\n50 GRAMMES DE MIE DE PAIN,\r\n10 CL DE LAIT TIÈDE,\r\nGROS SEL DE MER,\r\nPOIVRE NOIR EN GRAINS AU MOULIN.', 'Couper la tête et les tentacules des chipirons.\r\nLes vider de leurs entrailles, des parties dures et de leur encre.\r\nHacher les têtes et les tentacules, le jambon, l\'ail, l\'oignon, le persil. \r\nFaire tremper le pain dans un peu de lait tiède. \r\nMélanger la mie de pain avec les éléments précédents. \r\nLes faire revenir dans 2 cuillères à soupe d\'huile d\'olive. \r\nFarcir les chipirons.\r\nLes coudre pour que la farce ne puisse s\'échapper lors de la cuisson. \r\nLes faire cuire dans l\'huile restante dans une cocotte à tout petit feu pendant1 heure.\r\nServir individuellement en assiette chaude.\r\nLes accompagner de riz blanc nature.', 'Recette Basque', 'En attente', 'chipirons_farcis.jpg', '2017-08-20'),
(100, 7, 64, 'Garbure au jambon des Pyrénées', 'viande', '3', '00:30:00', '02:00:00', 30, '500 GRAMMES DES PYRÉNÉESE AVEC SA COUENNE,\r\n6 BELLES TRANCHES DE PAIN DE CAMPAGNE,\r\n500 GRAMMES DE HARICOTS BLANCS SECS,\r\n400 GRAMMES DE FÈVES SÈCHES,\r\n500 GRAMMES DE POMMES DE TERRE,\r\n4 CAROTTES MOYENNES,\r\n2 GROS NAVETS,\r\n2 POIREAUX MOYENS,\r\n6 BELLES FEUILLES DE CHOU VERT POMMMÉ,\r\n300 GRAMMES DE CHAIR DE POTIRON,\r\n5 GOUSSES D\'AIL,\r\n1 OIGNON PIQUÉ DE 2 CLOUS DE GIROFLE,\r\n1 PETIT PIMENT SEC D\'ESPELETTE,\r\n2 FEUILLES DE LAURIER,\r\n1/2 CUILLÈRE À CAFÉ DE CORIANDRE MOULUE,\r\n10 CL D\'HUILE D\'OLIVE,\r\n40 GRAMMES DE BEURRE,\r\nSEL FIN DE CUISINE, \r\nPOIVRE NOIR EN GRAINS DU MOULIN.', 'La veille :\r\nLaisser tremper les haricots secs et les fèves dans 2 casseroles remplies d\'eau froide pendant 12 heures.\r\n\r\nLe lendemain :\r\nFaire également tremper le jambon pendant 6 heures, en changeant l\'eau 1 ou 2 fois.\r\nÉplucher et laver les légumes.\r\nCouper en morceaux les carottes, les navets, les pommes de terre et la chair de potiron.\r\nRincer les feuilles de chou et les poireaux.\r\nCouper ces derniers en 2 ou 3.\r\nPlacer le jambon et l\'égoutter dans une grande cocotte.\r\nAjouter 2,5 litre d\'eau froide.\r\nRajouter l\'oignon, les haricots et les fèves égouttés et les navets, les carottes, les poireaux et le chou. \r\nFaire chauffer à feu vif.\r\nTout porter à ébullition.\r\nBaisser le feu.\r\nLaisser mijoter 2 heures à feu doux.\r\nRajouter les pommes de terre, le potiron, le piment et les gousses d\'ail pelées. \r\nSaler, et poivrer selon le goût.\r\nLaisser cuire encore 30 minutes.\r\nRetirer le piment avant de servir.\r\n\r\nLe service :\r\nDisposer une tranche de pain de campagne dans chaque assiette.\r\nAjouter les légumes et le jambon coupé en morceaux.\r\nL\'arroser du bouillon de cuisson.\r\nPoser au centre de l\'assiette une noix de beurre.\r\n', 'Recette bien du sud-Ouest!', 'En attente', 'garbure_au_jambon_des_pyrenees.jpg', '2017-08-19'),
(101, 7, 64, 'Alose à la bordelaise', 'poisson', '3', '01:30:00', '02:00:00', 8, '- 2 KG ALOSE,\r\n\r\n- 2 BOTTES DE POIREAUX,1 KG ENVIRON ASSEZ GROS,\r\n\r\n- 200 GRAMMES DE CHAMPIGNONS DE PARIS,\r\n\r\n- 200 GRAMMES DE JAMBON DE BAYONNE,\r\n\r\n- 200 GRAMMES D\'OIGNONS,\r\n\r\n- 1 LITRE DE VIN ROUGE,\r\n\r\n- 1/2 LITRE DE BOUILLON VEAU OU VOLAILLE,\r\n-1 VERRE DE SANG DE VOLAILLE FACULTATIF OU 1 TASSE DE FÉCULE OU DE MAÏZENA,\r\n-1 GOUSSE AIL ÉCRASÉ,\r\n-5 CL D\'ARMAGNAC,\r\n-10 CL D\'HUILE D\'OLIVE\r\n\r\n- SEL FIN DE CUISINE,\r\n\r\n- POIVRE NOIR EN GRAIN DU MOULIN.', 'Laver les poireaux et couper le blanc en morceaux de 5 cm. \r\nLes mettre de côté.\r\nEplucher et couper en lamelles oignons champignons jambon de Bayonne. \r\nLes mettre de côté.\r\nPréparer le poisson : le couper en tranches de 15 cm d\'épaisseur.\r\nSaler et poivrer chaque face puis les fariner.\r\nDans une cocotte en fonte ou autre ustensile, mettre l\'huile à chauffer et cuire les tranches 3 minutes de chaque côté. \r\nFlamber les tranches à l\'armagnac.\r\nLes réserver dans un plat chaud.\r\nFaire revenir les poireaux dans la même cocotte les mettre de côté et faire revenir les oignons le jambon les champignons.\r\nAjouter la gousse d\'ail écrasée.\r\nRecouvrir avec le vin que l\'on peut flamber.\r\nAmener à ébullition ajouter le bouillon. \r\nMettre les poireaux un bouquet garni, du sel et du poivre et cuire 2 heures à feu moyen.\r\nPendant ce temps mettre les darnes en bocaux 3 à 4 morceaux par bocal selon la grandeur du bocal.\r\nQuand les poireaux sont cuits lier la sauce avec le sang cuire quelques minutes, si pas de sang lier avec un peu de fécule ou de maïzena.\r\nPartager les poireaux et la sauce dans les bocaux, un morceau de poireau par tranche de poisson ou plus selon le goût.\r\nFermer et stériliser 5 heures.', 'Recette des pêcheurs du bordelais.', 'En attente', 'alose_a_la_bordelaise.jpg', '2017-08-18'),
(102, 7, 65, 'Terrine de pâté de Saint-Sever', 'viande', '3', '00:30:00', '02:00:00', 8, '400 GRAMMES DE SAUCISSES FERMIÈRES À PRENDRE CHEZ LE CHARCUTIER MAIS FAITE MAISON,\r\n400 GRAMMES DE COUENNES PRÉCUITES DE PRÉFÉRENCE,\r\n500 GRAMMES DE BARDE,\r\n60 GRAMMES D\'OIGNONS JAUNES FRAIS,\r\n2 BRINS DE THYM,\r\n5 BRANCHES DE LAURIER,\r\n50 GRAMMES DE SAINDOUX,\r\n10 GRAMMES DE SEL, LA SAUCISSE ÉTANT DÉJÀ SALÉE,\r\n3 GRAMMES DE POIVRE GRIS MOULU.', 'Préchauffer le four à 150°C th 5.Prendre un faitout.\r\nY faire cuire la couenne dans de l\'eau pas salée avec du thym, du laurier.\r\nLa cuire pendant 80 minutes jusquà ce qu\'elle soit cuite.\r\nNe pas effectuer cette opération si la couenne est précuite.\r\nEgoutter et réserver la couenne.\r\nLa laisser refroidir.\r\nLa hacher à la grille moyenne.\r\nHacher finement les oignons et les cuire dans un peu de saindoux.\r\nConserver le jus de cuisson et le réduire à la valeur d\'un verre.\r\nLe mélanger à la chair à saucise et à la couenne.\r\nAjouter le sel et le poivre.\r\nMélanger à la spatule pendant 5 minutes pour assurer une bonne osmose à l\'ensemble.\r\nGarnir une terrine préalablement bardée sur toutes ses faces.\r\nLa cuire au bain-marie dans un four préchauffé à 150° ou th 5. \r\nLa cuire pendant 120 minutes pour atteindre une température à coeur de 78° maximum.\r\nLa laisser refroidir en mettant dessus un poids égal au poids de la terrine crue pour faire remonter les graisses en surface et la compacter.\r\nPuis, la conserver au réfrigérateur pendant 24 heures pour la faire rassir avant de la consommer.\r\n', 'Saint Sever est un village des Landes', 'En attente', 'terrine_de_pate.jpg', '2017-08-17'),
(103, 7, 66, 'Amanites des césars farcies', 'viande', '2', '00:20:00', '00:25:00', 4, '12 GROSSES AMANITES DES CÉSARS OU ORONGES,\r\n200 GRAMMES DE JAMBON CRU,\r\n1 BOUQUET DE PERSIL,\r\n3 CUILLÈRES À SOUPE DE CHAPELURE,\r\n1 ÉCHALOTE GRISE,\r\n1 GOUSSE D\'AIL BLANC,\r\n6 CUILLÈRES À SOUPE D\'HUILE D\'OLIVE,\r\nSEL FIN DE CUISINE,\r\nPOIVRE BLANC MOULU.', 'Nettoyer les champignons avec un chiffon humide.\r\nEnlever la partie terreuse du pied.\r\nSéparer le chapeau du pied. \r\nMettre les chapeaux dans un plat à four.\r\nLes arroser sur les deux faces d\'huile d\'olive. \r\nHacher fin l\'ail, l\'échalote et le jambon. \r\nHacher à part les pieds de champignons à l\'aide d\'un couteau.\r\nPréchauffer le four à 200°C ou th 8. \r\nFaire revenir l\'ail, l\'échalote et le jambon dans un peu d\'huile environ 1 minute .\r\nAjouter les pieds de champignons.\r\nLaisser cuire encore 1 minute à feu vif. \r\nRetirer du feu.\r\nAjouter le persil haché, saler et poivrer.\r\nBien mélanger le tout. \r\nDéposer une boule de farce dans chaque chapeau.\r\nSaupoudrer de chapelure.\r\nFaire cuire au four 5 minutes.\r\nPuis descendre le plat dans le bas du four.\r\nLaisser cuire encore 15 minutes.\r\n', 'Recette du Limousin', 'En attente', 'amanites_des_cesars_farcies.jpg', '2017-08-16'),
(104, 7, 66, 'Tête de veau sauce gribiche', 'viande', '5', '00:45:00', '01:50:00', 8, 'PLAT: \r\n1 TÊTE DE VEAU PRÊT À CUIRE, OU 2 DEMI TÊTES DE VEAU BLANCHIES ET ROULÉES,\r\n1 LANGUE DE VEAU PRÊTE À CUISINER,\r\n1 CERVELLE DE VEAU,\r\n1 CITRON NON TRAITÉ.\r\n\r\nFOND BLANC :\r\n4 LITRES D\'EAU,\r\n50 GRAMMES DE FARINE TAMISÉE,\r\n1 CITRON NON TRAITÉ,\r\n2 CUILLERÉES À SOUPE D\'HUILE,\r\n60 GRAMMES DE GROS SEL DE CUISINE,\r\n20 GRAMMES DE POIVRE NOIR MOULU.\r\n\r\nSAUCE GRIBICHE : \r\n2 ŒUFS ENTIERS EXTRA FRAIS,\r\n4 CUILLERÉES À SOUPE DE VINAIGRE DE VIN,\r\n1 CUILLERÉE À SOUPE DE MOUTARDE,\r\n15 CL D\'HUILE,\r\n80 GRAMMES DE CORNICHONS,\r\n2 CUILLERÉES À SOUPE DE CÂPRES,\r\n12 BRANCHES DE PERSIL PLAT,\r\nSEL DE CUISINE,\r\nPOIVRE MOULU. ', 'Préparer un fond blanc.\r\nDans un faitout, sur feu doux, délayer la farine avec 10 cl d\'eau jusqu\'à épaississement.\r\nPuis continuer à verser de l\'eau environ 4 litres tout en remuant. \r\nSaler, ajouter le jus d\'un citron et l\'huile.\r\nPorter à ébullition. \r\nFrotter la tête de veau avec un demi-jus de citron. \r\nLa plonger dans le blanc à ébullition.\r\nÉcumer.\r\nRéduire l\'intensité du feu jusqu\'à frémissement. \r\nLa laisser cuire 15 minutes. \r\n\r\nPréparer la sauce gribiche. \r\nFaire durcir les œufs.\r\nLes rafraîchir.\r\nLes écaler.\r\nLes écraser à la fourchette. \r\nDans un bol, délayer une pincée de sel avec le vinaigre et la moutarde, poivrer.\r\nAjouter l\'huile en fouettant.\r\nIncorporer les cornichons finement émincés, les câpres égouttées, les œufs durs écrasés et le persil haché. \r\n\r\n\r\nPréparer les viandes.\r\nMettre la langue de veau dans le faitout.\r\nPoursuivre la cuisson 30 minutes.\r\nPuis la retirer.\r\nLa rafraîchir et la peler. \r\nLa replonger dans le faitout.\r\nContinuer la cuisson pendant 30 minutes. \r\n\r\nPendant ce temps, passer la cervelle sous un filet d\'eau fraîche. \r\nLa mettre dans une casserole.\r\nLa recouvrir d\'eau froide.\r\nLa saler et ajouter le jus d\'un demi-citron. \r\nPorter à frémissement sur feu doux.\r\nLaisser cuire 10 minutes, de manière à ce qu\'elle soit prête en même temps que la tête de veau. \r\n\r\nPour la servir:\r\nÉgoutter une demi-tête de veau.\r\nLa couper en tranches et disposer sur un plat très chaud. \r\nÉgoutter et partager la langue en 8 tranches et la cervelle en 8 morceaux. \r\nServir chaud en présentant la sauce gribiche en même temps.\r\nCouper l\'autre demi-tête seulement au moment de resservir, pour qu\'elle reste chaude. \r\nCe plat peut s\'accompagner de pommes de terre vapeur.', 'Recette du Limousin', 'En attente', 'tete_de_veau_sauce_gribiche.jpg', '2017-08-15'),
(105, 7, 67, 'Soupe aux fèves fraîches des marais', 'vegetarien', '2', '00:30:00', '00:25:00', 6, '- 2 KG DE FÉVETTES FRAÎCHES EN COSSES,\r\n- 1 BOUQUET DE 10 BRANCHES D\'OSEILLE,\r\n- 10 BRINS DE PERSIL PLAT,\r\n- 10 BRANCHES DE CERFEUIL,\r\n- 50 GRAMMES DE BEURRE DES CHARENTES,15 GRAMMES DE SEL FIN DE CUISINE,\r\n- 5 GRAMMES DE POIVRE BLANC MOULU.', 'Écosser les fèves et retirer la première membrane qui les recouvre. \r\n\r\nNettoyer l\'oseille en retirant les queues. \r\n\r\nLaver les feuilles sous l\'eau courante puis les égoutter et les réserver.\r\n\r\nLaver le persil et le cerfeuil et les réserver.\r\n\r\nHacher finement l\'oseille d\'un côté et le persil de l\'autre.\r\n\r\nles réserver séparément.\r\n\r\nDans une grande casserole, porter 1,5 litre d\'eau à ébullition.  saler, la poivrer.\r\n\r\nJeter dans cette eau, l\'oseille, les fèves, le persil et le cerfeuil.\r\n\r\nCopuvrir et laisser cuire à feu moyen pendant 20 minutes.\r\n\r\npasser la soupe au moulin à légumes.\r\n\r\nla remettre dans la casserole.\r\n\r\nrajouter le beurre des charentes, mélanger bien et laisser frémir quelques minutes.\r\n\r\nrectifier l\'assaisonnement et servir en la gardant bien chaude.', 'Recette de Poitou-Charente', 'En attente', 'soupe_aux_feves_fraiches_des_marais.jpg', '2017-08-14'),
(106, 7, 64, 'Soupe aux huîtres à la charentaise', 'fruits de mer', '2', '00:20:00', '00:10:00', 4, '4 DOUZAINES D\'HUÎTRES,\r\n2 GROS OIGNONS JAUNES DU POITOU,\r\n50 GRAMMES DE BEURRE,\r\n6 BRINS DE CERFEUIL,\r\n30 GRAMMES DE FARINE,\r\n4 VERRES DE LAIT,\r\n5 GRAMMES DE POIVRE NOIR EN GRAINS DU MOULIN.', 'Ouvrir les huîtres et recueillir l\'eau. \r\nFaire cuire 5 minutes dans un poêlon. \r\nPréparer un hachis d\'oignons.\r\nLe mélanger avec le beurre et un peu de farine. \r\nVerser l\'eau des huitres.\r\nCuire cette préparation pendant 30 minutes.\r\nLa mouiller ensuite avec le lait. \r\nDisposer des croûtons frits au fond de la soupière. \r\nVerser la préparation dessus. \r\nMettre ensuite les huîtres dans le bouillon. parsemer de cerfeuil.\r\nRemuer et servir.\r\n', 'Recette du Poitou Charentes', 'En attente', 'soupe_huitres.jpg', '2017-08-13'),
(107, 8, 76, 'Soupe aux lentilles du Berry', 'vegetarien', '2', '00:30:00', '00:50:00', 4, '150 GRAMMES DE LENTILLES ,\r\n1 CUILLÈRE À SOUPE D\'HUILE D\'OLIVE,\r\n1 OIGNON TRANCHÉ,\r\n2 GOUSSES D\'AIL HACHÉES FINEMENT,\r\n2 TOMATES COUPÉES EN DÉS,\r\n2 CUILLÈRES À SOUPE DE GINGEMBRE FRAIS RÂPÉ,\r\n2 CUILLÈRES À CAFÉ DE CUMIN EN POUDRE,\r\n2 CUILLÈRES À CAFÉ DE CORIANDRE MOULUE,\r\n1 LITRE DE BOUILLON DE LÉGUMES OU DE POULET,\r\n25 CL DE JUS DE TOMATE,\r\n1 JUS DE CITRON,\r\n6 FEUILLES DE CORIANDRE FRAÎCHE HACHÉE,\r\nSEL DE MER,\r\nPOIVRE DE CAYENNE,\r\nPOIVRE NOIR EN GRAINS AU MOULIN.', 'Dans une grande casserole, faire revenir l\'oignon, l\'ail et les tomates dans l\'huile 6 minutes en brassant occasionnellement. \r\nAjouter le gingembre, le cumin et la coriandre. \r\nCuire 4 minutes en brassant. \r\nIncorporer le bouillon, le jus de tomate et le jus de citron. \r\nAmener à ébullition. \r\nBaisser le feu, couvrir.\r\nLaisser mijoter 40 minutes ou jusqu\'à ce que les lentilles soient tendres. \r\nAssaisonner au goût avec le poivre de Cayenne, le sel et le poivre. \r\nRetirer la soupe du feu et laisser refroidir 10 minutes. \r\nRéduire la soupe en purée à l\'aide d\'un robot culinaire. \r\nServir immédiatement dans des bols individuels.\r\nParsemer chaque portion d\'un peu de coriandre.\r\n', 'Recette du Berry', 'En attente', 'soupe_aux_lentilles_du_berry.jpg', '2017-08-20'),
(108, 8, 76, 'Filets de perche gratinées, sauce au Chinon rouge', 'poisson', '3', '00:15:00', '00:18:00', 4, '4 FILETS DE PERCHE D\'ENVIRON 120 GRAMMES CHACUN,\r\n1 SAINTE-MAURE DE TOURAINE,\r\n1 BOUTEILLE DE CHINON,\r\n10 GRAINES DE CUMIN,\r\n10 GRAMMES DE SUCRE EN POUDRE,\r\n100 GRAMMES DE BEURRE,\r\n30 CL D\'HUILE D\'OLIVE,\r\nGROS SEL DE MER,\r\nPOIVRE NOIR EN GRAINS DU MOULIN.', 'Les perches :\r\nPréparer les filets de perche sur le plan de travail.\r\nPuis, les assaisonner de sel et de poivre.\r\nArroser les filets de perche d\'huile d\'olive.\r\nLes disposer dans un plat allant au four.\r\nAjouter sur les filets trois tranches de sainte-maure de touraine.\r\nPuis, réserver.\r\n\r\nLa sauce :\r\nPrendre une casserole.\r\nY verser le vin, le sucre et le cumin.\r\nTout faire réduire de moitié.\r\nIncorporer, hors feu, à laide d\'un fouet, le beurre coupé en petit cubes.\r\nBien mélanger.\r\nSaler et poivrer.\r\nMettre le plat sous le grill 10 minutes.\r\nServir chaud.\r\nMettre la réduction de chinon au cumin en saucière.\r\nPoser une coulée de sauce autour des perches en décor.\r\n', 'Recette du Centre', 'En attente', 'filets_de_perche_gratinees.jpg', '2017-08-20'),
(109, 8, 76, 'Bouillabaisse vendéenne de morue et moules de bouchot', 'poisson', '3', '00:30:00', '00:10:00', 6, '250 GRAMMES DE COQUES FRAÎCHES,\r\n250 GRAMMES DE PALOURDES FRAÎCHES,\r\n500 GRAMMES DE MOULES FRAÎCHES,\r\n500 GRAMMES DE PÉTONCLES FRAIS,\r\n8 POMMES DE TERRE, PELÉES ET COUPÉES EN DÉS,\r\n1 OIGNON HACHÉ,\r\n1 CUILLÈRE À SOUPE DE BEURRE,\r\n250 GRAMMES DE CHAIR DE HOMARD FRAÎCHE, SURGELÉE OU EN CONSERVE,\r\n250 GRAMMES DE QUEUES DE MORUE ET NAGEOIRES CAUDALES QUI SERVIRONT À PARFUMER LE BOUILLON,\r\n250 GRAMMES DE POISSON BLANC,\r\n250 GRAMMES DE CREVETTES DÉCORTIQUÉES,\r\nSEL FIN DE CUISINE,\r\nPOIVRE NOIR EN GRAINS AU MOULIN. ', 'Dans une grande casserole remplie d\'eau bouillante salée.\r\nCuire les coques 5 minutes,ajouter les palourdes et les cuire 3 minutes, puis les moules.\r\nProlonger la cuisson de 2 minutes. \r\nÉgoutter le contenu de la casserole en conservant le jus de cuisson, \r\nLe réserver.\r\nPorter le jus de cuisson réservé à ébullition et y pocher les pétoncles 4 minutes. \r\nÉgoutter en récupérant le jus de cuisson. \r\nRéserver les pétoncles. \r\nCuire les pommes de terre dans le jus ce cuisson réservé, en ajoutant juste assez d\'eau pour les recouvrir.\r\nFaire fondre le beurre dans une autre casserole, faire dorer l\'oignon. \r\nAjouter les coques, les palourdes, les moules, la chair de homard, les queues de morue, le poisson blanc, les crevettes, le sel et le poivre. \r\nAjouter les pommes de terre cuites, ainsi que leur jus de cuisson. \r\nLaisser mijoter à feu doux, juste pour réchauffer. \r\nAjouter les pétoncles réservés. \r\nLaisser mijoter 2 minutes sans faire bouillir.\r\nLaisser reposer 12 heures.', 'Recette du Pays de la Loire', 'En attente', 'bouillabaisse_vendeenne_de_morue.jpg', '2017-08-17'),
(110, 8, 77, 'Haricots de Vendée', 'viande', '2', '00:25:00', '01:30:00', 6, '1 KG DE MOGETTES,\r\n1 TÊTE DE CROSSE DE JAMBON,\r\n1 OIGNON JAUNE PIQUÉ DE 3 CLOUS DE GIROFLE,\r\n4 CAROTTES MOYENNES,\r\n1 COUENNE DE PORC DE 200 GRAMMES,\r\n1 BOUQUET GARNI,\r\n2 FEUILLES DE LAURIER FRAIS,\r\n1 BRIN DE MARJOLAINE,\r\n1 BRIN DE SAUGE,\r\n1 GROS OIGNON JAUNE,\r\n1 TÊTE D\'AIL EN CHEMISE,\r\nGROS SEL DE NOIRMOUTIERS,\r\nPOIVRE NOIR EN GRAINS DU MOULIN.', '\r\nRincer puis, plonger les mogettes de Vendée dans trois fois leur volume d’eau froide non salée.\r\nMettre l\'oignon piqué de clous de girofle, l\'autre oignon entier, le bouquet garni, les 2 feuilles de laurier frais, le brin de sauge et de marjolaine, et la tête d\'ail.\r\nDécouper la couenne, la rajouter,\r\nMettre une tête de crosse de jambon, facultatif\r\nRajouter 4 carottes moyennes coupées en morceaux.\r\nLes laisser cuire doucement en ajoutant de l\'eau si besoin jusqu’à cuisson des Mogettes. \r\nIl faut compter environ une heure et demie. \r\nNe saler et poivrer qu\'en fin de cuisson.\r\n ', 'Recette de Vendee', 'En attente', 'haricots_de_vendee.jpg', '2017-08-16'),
(111, 8, 78, 'Pommes de terre en croûte de sel', 'vegetarien', '2', '00:25:00', '00:40:00', 4, '1 KG DE POMMES DE TERRE DE NOIRMOUTIER,\r\nPRENDRE DES GRENAILLES,\r\n200 GRAMMES DE GROS SEL GRIS,\r\n1 OEUF EXTRA,FRAIS,\r\n250 GRAMMES DE FARINE TAMISÉE,\r\n10 CL D\'EAU,\r\n6 À 8 BRINS DE ROMARIN,\r\n40 GRAMMES DE BEURRE DEMI-SEL. ', 'Préchauffer le four à 210°C ou th.7. \r\nDans un saladier, déposer la farine, le gros sel, le romarin effeuillé.\r\nVerser l\'eau et le blanc d\'oeuf. \r\nBien mélanger. \r\nBrosser et laver la peau des pommes de terre, les envelopper de pâte à sel. \r\nDéposer sur une plaque du four. \r\nEnfourner et cuire 40 minutes. \r\nBriser la croûte de sel à l\'aide d\'un couteau.\r\nRetirer les pommes de terre. \r\nParsemer de noix de beurre. \r\n', 'Recette de Vendée', 'En attente', 'Pommes_de_terre_en_croute_de_sel.jpg', '2017-08-15'),
(112, 9, 87, 'Crème de champignons de Paris', 'vegetarien', '2', '00:10:00', '00:15:00', 4, '300 GRAMMES DE CHAMPIGNONS,\r\n40 GRAMMES DE LARD FUMÉ,\r\n2 CUILLÈRES À SOUPE DE BEURRE,\r\n2 CUILLÈRES À SOUPE DE FARINE,\r\n200 GRAMMES DE CRÈME LIQUIDE,\r\n60 CL DE BOUILLON DE LÉGUMES,\r\n10 CL DE CRÈME FLEURETTE LIQUIDE POUR LA CHANTILLY,\r\nSEL FIN DE CUISINE, \r\nPOIVRE BLANC MOULU.', 'Laver les champignons et les couper en deux. \r\nÉplucher les oignons et les émincer. \r\nCouper le lard en dés.\r\nFaire revenir le lard fumé.\r\nLe réserver.\r\nFaire fondre le beurre dans une casserole sans le faire noircir. \r\nFaire revenir les oignons et les champignons 10 minutes. \r\nSaupoudrer de farine et remuer. \r\nMouiller avec la crème et le bouillon. \r\nMélanger et laisser cuire 5 minutes.\r\nMixer le tout.\r\nFouetter la crème en chantilly. \r\nAjouter les lardons à la fin.\r\nDresser sur la crème une cuillère à soupe de ce mélange et servir aussitôt.', 'Recette parisienne', 'En attente', 'creme_de_champignons_de_paris.jpg', '2017-08-14'),
(113, 9, 88, 'Cuisses d\'oie de Seine et Marne grillées', 'viande', '2', '00:20:00', '00:45:00', 4, '2 CUISSES D\'OIE,\r\n2 CUILLÈRES À SOUPE DE GRAISSE D\'OIE,\r\n150 GRAMMES DE PAIN,\r\n1 CUILLÈRE À SOUPE D\'HUILE D\'OLIVE,\r\nSEL FIN DE CUISINE, \r\nPOIVRE NOIR EN GRAINS AU MOULIN.', 'Faire chauffer la graisse d\'oie dans une cocotte.\r\nSaler, poivrer les cuisses d\'oie. \r\nDéposer dans la cocotte côté charnu vers le fond. \r\nFaire dorer sur feu assez vif 15 minutes de chaque côté. \r\nRéserver. \r\nRéduire la mie de pain en chapelure assez fine.\r\nRouler les cuisses d\'oie dans la chapelure, les arroser d\'un filet d\'huile. \r\nPoser sur la lèchefrite du four.\r\nPoursuivre la cuisson sous le gril 20 minutes, elles doivent être bien dorées. \r\nSaler, poivrer.', 'Recette de Seine et Marne', 'En attente', 'cuisses_oie.jpg', '2017-08-18');
INSERT INTO `recipes` (`id_recipe`, `id_region`, `id_user`, `title`, `star_ingredient`, `difficulty`, `prep_time`, `cook_time`, `portion`, `ingredients`, `methods`, `story`, `status`, `picture_recipe`, `date_recipe`) VALUES
(114, 9, 90, 'Baguette fourrée au saint moret et au jambon', 'viande', '1', '00:10:00', '00:20:00', 4, '- 1 BARQUETTE DE SAINT MORET,\r\n\r\n- 100 GRAMMES BEURRE,\r\n\r\n- 2 OEUFS DURS,\r\n\r\n- 200 GRAMMES DE DÉS DE JAMBON,\r\n\r\n- 125 GRAMMES DE GRUYÈRE,\r\n\r\n- 10 CORNICHONS,\r\n\r\n- 1 BAGUETTE PARISIENNE.', 'Mettre les oeufs dans une casserole d\'eau bouillante 20 minutes. \r\nPréchauffer le four à 180°C ou thermostat 6. \r\nCouper le beurre en petits morceaux, mélanger tous les ingrédients, les cornichons coupés en petits morceaux, ajouter les oeufs durs coupés en petits morceaux. \r\nCouper la baguette dans le sens de la longueur, retirer la mie et fourrer avec le mélange.\r\nEmballer la baguette dans du papier aluminium bien serré. \r\nMettre au four pendant 20 minutes à 180°C.\r\nLaisser refroidir 30 minutes puis mettre au frais jusqu\'au lendemain.\r\nCouper la baguette au couteau électrique. \r\n\r\nServir.', 'Recette de Seine et Marne', 'En attente', 'baguette_fourree_saint_moret_jambon.jpg', '2017-08-19'),
(115, 9, 91, 'Soupe cerfeuil et cresson', 'vegetarien', '2', '00:10:00', '00:10:00', 4, '- 4 CUILLÈRES À SOUPE D\'HUILE \r\n\r\n\r\n- 4 cuillères à soupe de farine\r\n\r\n- 200 g de cerfeuil frais ou surgelé\r\n\r\n- 2  bottes  de cresson\r\n\r\n- 1,5 litre d\'eau\r\n\r\n- 2 cubes de bouillon boeuf ou poule\r\n\r\n-  Sel, poivre.\r\n', 'Rassembler dans un récipient l\'eau, le cerfeuil ,le cresson, mixer.\r\n\r\nDans une grande casserole, préparer un roux blond en chauffant  l\'huile puis en ajoutant la farine.\r\nTout en mélangeant, ajouter peu à peu la préparation eau, légumes.\r\nAjouter les cubes de bouillon.\r\nLaisser bouillir 5 minutes.', 'Recette de l\'Essonne', 'En attente', 'soupe_cerfeuil_cresson.jpg', '2017-08-12'),
(116, 9, 92, 'Soufflé au jambon', 'viande', '2', '00:20:00', '00:30:00', 4, '4 OEUFS ENTIERS + 1 BLANC EXTRA FRAIS,\r\n2 TRANCHES DE JAMBON POUR 150 GRAMMES ENVIRON,\r\n1 BÉCHAMEL ÉPAISSE, \r\nPRÉPARER 40 GRAMMES DE BEURRE, 40 GRAMMES DE FARINE ET 25 CL DE LAIT,\r\n25 GRAMMES D\'EMMENTAL RÂPÉ,\r\n20 GRAMMES DE BEURRE,\r\nSEL FIN DE CUISINE,\r\nPOIVRE NOIR EN GRAINS DU MOULIN.\r\n\r\nUSTENSILE :\r\n1 MOULE À SOUFFLÉ DE 20 CM DE DIAMÈTRE', 'Hacher finement le jambon à la moulinette. \r\n\r\nPréchauffer le four à 200 °Cou th 7. \r\n\r\nPoivrer la béchamel et salez peu à cause du jambon. \r\n\r\nY ajouter le hachis de jambon et l\'emmental râpé. \r\n\r\nLaisser refroidir la sauce béchamel. \r\n\r\nCasser les oeufs en séparant les blancs des jaunes. \r\n\r\nIncorporez les jaunes, 1 par 1, à la sauce refroidie. \r\n\r\nAjouter 1 pincée de sel aux 5 blancs d\'oeufs.\r\n\r\nLes battre en neige ferme. \r\n\r\nLes incorporer au mélange en soulevant délicatement. \r\n\r\nBeurrer un moule à soufflé.\r\n\r\nY verser la préparation. \r\n\r\nEnfourner.\r\n\r\nLaisser cuire de 28 à 30 minutes.\r\n\r\nServir dès la sortie du four, car un soufflé n\'attend pas.\r\n', 'Recette parisienne', 'En attente', 'souffle_au_jambon.jpg', '2017-08-10'),
(117, 10, 97, 'Chou farci au camembert normand', 'vegetarien', '3', '00:30:00', '00:50:00', 6, '1 CHOU VERT,\r\n200 GRAMMES DE RIZ ROND,\r\n2 CAMEMBERTS PAS TROP FAITS,\r\n2 TABLETTES DE BOUILLON DE VOLAILLE,\r\n1 OIGNON JAUNE,\r\n1 ÉCHALOTE GRISE,\r\n50 GRAMMES DE BEURRE,\r\nSEL DE CUISINE,\r\nPOIVRE NOIR EN GRAINS DU MOULIN.', 'Préparer du bouillon en diluant les tablettes dans 1 litre d\'eau bouillante. \r\n\r\nRéserver au chaud. \r\n\r\nPeler et émincer finement l\'oignon et l\'échalote. \r\n\r\nLes faire fondre avec la moitié du beurre dans une cocotte. \r\n\r\nAjouter ensuite le riz et remuer jusqu\'à ce que les grains deviennent dorés et translucides. \r\n\r\nSaler, poivrer puis verser 80 cl de bouillon dans la cocotte. \r\n\r\nCouvrir et laisser mijoter pendant 20 minutes à tout petit feu.\r\n\r\nPendant ce temps, nettoyer le chou, détacher les feuilles.\r\n\r\nEnlever le bas de la côte dure. \r\nFaite cuire les feuilles 5 minutes à l\'eau bouillante salée.\r\n\r\nPuis, les égoutter. \r\n\r\nEnlever la croûte du tour des camemberts.\r\n\r\nLes couper en morceaux. \r\n\r\nVérifier que le riz est cuit, et qu\'il a absorbé tout le bouillon.\r\n\r\nAjouter les morceaux de camembert.\r\n\r\nBien mélanger. \r\n\r\nRépartir cette préparation au centre des feuilles de chou.\r\n\r\nLes rabattre pour enfermer la farce. \r\n\r\nMaintenir avec du fil de cuisine. \r\n\r\nFaire fondre le reste du beurre dans une cocotte.\r\n\r\nY déposer délicatement les feuilles de chou farcies. \r\n\r\nVerser le reste de bouillon.\r\n\r\nSaler et poivrer.\r\n\r\nLaisser mijoter 30 minutes à feu très doux. \r\n\r\nServir chaud.', 'Recette de Basse-Normandie', 'En attente', 'chou_farci_au_camembert_normand.jpg', '2017-08-09'),
(118, 10, 97, 'Camembert surprise', 'vegetarien', '1', '00:10:00', '00:10:00', 4, '1 CAMEMBERT BIEN FAIT,\r\n10 GRAMMES DE RAISINS SECS,\r\n20 GRAMMES DE NOIX CONCASSÉES,\r\n20 GRAMMES DE PIGNONS DE PIN,\r\n100 GRAMMES DE PETITS DÉS DE POMMES.', 'Préchauffer le four à 150°C ou th 4.\r\nCouper le camembert en quatre quarts.\r\nAvec la pointe d\'un couteau truffer chaque portion d\'une quinzaine de raisins secs, de minuscules dés de pommes, des pignons, et de noix. \r\nReconstituer le fromage sur une feuille de papier aluminium.\r\n\r\nLaisser cuire 10 minutes dans le four à chaleur moyenne.\r\nServir immédiatement avec du pain aux noix.', 'Recette du Calvados', 'En attente', 'camembert_surprise.jpg', '2017-08-17'),
(120, 10, 97, 'Omelette à la normande', 'vegetarien', '3', '00:10:00', '00:05:00', 4, '8 ŒUFS EXTRA FRAIS.\r\n80 GRAMMES DE BEURRE.\r\n3 CUILLÈRES À SOUPE DE CRÈME FRAÎCHE.\r\nSEL FIN DE CUISINE.\r\nPOIVRE NOIR EN GRAINS DU MOULIN.', 'Séparer le blanc des jaunes.\r\nBattre séparément.\r\nsaler, poivrer.\r\nFaire fondre 50 grammes de beurre dans une poêle.\r\nVerser les jaunes .\r\nLaisser cuire à feu vif jusqu\'à ce qu\'ils prennent.\r\nÉtaler la crème fraîche dessus.\r\nRecouvrir avec les blancs battus.\r\nLaisser prendre sans remuer.\r\nAgiter la poêle pour étaler.\r\nPlier l\'omelette .\r\nLa glisser sur un plat.\r\nArroser avec le reste du beurre fondu.', 'Recette de l\'Eure', 'En attente', 'omelette_a_la_normande.jpg', '2017-08-13'),
(121, 10, 97, 'Tripes au beurre en cocotte ', 'viande', '3', '00:10:00', '00:45:00', 4, '- 750G DE TRIPES CUITES (ÉPAIS MINCE ET FEUILLET), \r\n- 1 PETIT OIGNON, \r\n- 1 PETIT POIREAU, \r\n- 1 CAROTTE, \r\n- 2 VERRES DE VIN BLANC SEC, \r\n- 100 GRAMMES DE BEURRE, \r\n- 50 GRAMMES DE FARINE.', 'Bien laver 750g de tripes cuites (épais mince et feuillet)\r\nLes émincer finement.\r\nHacher 1 petit oignon 1 petit poireau couper la carotte en rondelles.\r\nAjouter quelques brins de persil et de la  ciboulette.\r\nMettre les tripes dans une cocotte ajouter les herbes et légumes.\r\nMouiller avec 2 verres de vin blanc sec.\r\nFaire un beurre manié avec 100g de beurre et 50 g de farine.\r\nLe répartir sur les tripes.\r\nSaler poivrer couvrir la cocotte et cuire à four chaud durant 3/4 h.', 'Recette du Calvados', 'En attente', 'tripes_maison_cocotte.jpg', '2017-08-14');

-- --------------------------------------------------------

--
-- Structure de la table `regions`
--

CREATE TABLE `regions` (
  `region_name` varchar(255) NOT NULL,
  `id_region` int(11) NOT NULL
) ENGINE=InnoDB DEFAULT CHARSET=latin1;

--
-- Déchargement des données de la table `regions`
--

INSERT INTO `regions` (`region_name`, `id_region`) VALUES
('Hauts de France', 1),
('Grand Est', 2),
('Bourgogne-Franche-Comte', 3),
('Auvergne-Rhône-Alpes', 4),
('Provence-Alpes-Côte d\'Azur', 5),
('Corse', 6),
('Nouvelle Aquitaine', 7),
('Centre-Val de Loire', 8),
('Île-de-France', 9),
('Normandie', 10),
('Pays de la Loire', 11),
('Bretagne', 12),
('Occitanie', 13),
('guadeloupe', 14),
('martinique', 15);

-- --------------------------------------------------------

--
-- Structure de la table `regions_details`
--

CREATE TABLE `regions_details` (
  `id_region_detail` int(11) NOT NULL,
  `picture_region` varchar(255) NOT NULL,
  `region_story` text NOT NULL,
  `details` text NOT NULL,
  `id_region` int(11) NOT NULL
) ENGINE=InnoDB DEFAULT CHARSET=latin1;

--
-- Déchargement des données de la table `regions_details`
--

INSERT INTO `regions_details` (`id_region_detail`, `picture_region`, `region_story`, `details`, `id_region`) VALUES
(1, '1.jpg', 'Les Hauts-de-France comptent trois langues régionales : le ch’ti, le picard, le flamand.', 'La préfecture des Hauts de France est Lille.\r\n\r\nExceptionnel : le littoral des Hauts-de-France court du port de Dunkerque aux villas Belle Époque de Mers-les-Bains, des stations balnéaires la côte d’Opale aux longues plages et landes sauvages de la côte picarde.', 1),
(2, '2.png', 'La région a une forte dimension industrielle. Frontalière avec la Belgique, le Luxembourg, l\'Allemagne et la Suisse, elle est particulièrement ouverte aux marchés internationaux. Le Rhin, à l\'est, est la colonne vertébrale de la mégalopole européenne et l\'axe majeur des échanges économiques du continent.', 'Le Grand Est est une région administrative française résultant de la fusion des anciennes régions Alsace, Lorraine et Champagne-Ardenne. Elle compte 5 554 645 habitants et réunit, sur 57 433 km2, des territoires de l\'Europe rhénane (le Haut-Rhin, le Bas-Rhin, la Meurthe-et-Moselle, la Moselle et l\'Est des Vosges) à l\'est et des territoires du bassin parisien (les Ardennes et la Marne) à l\'ouest, séparés par la diagonale du vide (qui inclut majoritairement des territoires de la Haute-Marne, de l\'Aube et de la Meuse).', 2),
(3, '3.png', 'C\'est également à Dijon que se trouve la préfecture de région mais les grands services régionaux de l\'État sont répartis entre Besançon et Dijon.', 'La région s\'étend sur 47 784 km2, compte 2 820 623 habitants en 2014 et réunit les huit départements de la Côte-d\'Or, du Doubs, de la Haute-Saône, du Jura, de la Nièvre, de Saône-et-Loire, du Territoire de Belfort et de l\'Yonne.', 3),
(4, '4.png', 'Le nom « Auvergne-Rhône-Alpes » a été formé en juxtaposant par ordre alphabétique les noms des deux anciennes régions. ', 'L\'Auvergne-Rhône-Alpes est une région administrative française. Située dans la partie centrale et orientale du sud de la France, elle a été créée par la réforme territoriale de 2015. Mise en place après les élections régionales de décembre 2015, elle regroupe les anciennes régions Auvergne et Rhône-Alpes. Elle se compose de 12 départements et d\'une métropole à statut de collectivité territoriale, s\'étend sur 69 711 km2 et compte 7 757 595 habitants5. Lyon est le chef-lieu de la région.', 4),
(5, '5.png', 'En 1970, Provence-Côte d’Azur-Corse devient Provence-Côte d’Azur à la suite de la constitution de la région Corse. En 1976, elle est rebaptisée Provence-Alpes-Côte d’Azur.', 'Provence-Alpes-Côte d\'Azur est formée de six départements issus des anciennes provinces de Provence et du Dauphiné. Une partie de Vaucluse est issue du Comtat Venaissin et la rive gauche du Var, dans les Alpes-Maritimes constituait autrefois le comté de Nice, les villes de Menton et Roquebrune-Cap-Martin ayant fait partie de la principauté de Monaco jusqu\'à leur rattachement à la France en 1861.', 5),
(6, '6.png', 'Bien des légendes existent sur l\'origine du nom donné à l\'île de Corse. Parmi les plus tenaces, celle qui veut que les Grecs l\'aient appelée Kallistê (en grec ancien ???????? : « la plus belle ») et dont on sait maintenant qu\'elle est fausse', 'Quatrième île de Méditerranée par sa superficie, la Corse a fait partie durant près de quatre siècles de la République de Gênes avant de se déclarer indépendante le 30 janvier 1735. En 1755 elle adopte la première constitution démocratique de l\'histoire moderne donnant pour la première fois le droit de vote aux femmes. Le 15 mai 1768 elle est cédée par Gênes à la France, contre son gré car elle se considère indépendante. Elle est conquise militairement par le Royaume de France lors de la bataille de Ponte-Novo, le 9 mai 1769.', 6),
(7, '7.jpg', 'Elle est la plus vaste région de France (métropole et outre-mer confondus), avec une superficie supérieure à celle de l’Autriche.', 'La Nouvelle-Aquitaine dans sa version originale Écouter est une région administrative française, créée par la réforme territoriale de 2015 et effective au 1er janvier 2016, après les élections régionales de décembre 2015. Résultant de la fusion des anciennes régions Aquitaine, Limousin et Poitou-Charentes, elle s\'est d\'abord appelée provisoirement Aquitaine-Limousin-Poitou-Charentes. Elle regroupe 12 départements, s’étend sur 84 061 kilomètres carrés, soit un huitième du territoire national, et compte 5 879 144 habitants (population municipale au 1er janvier 2014).', 7),
(8, '8.png', 'Le Centre-Val de Loire (dénommée Centre avant le 17 janvier 20153) est une région administrative française qui regroupe trois régions historiques : le Berry, l\'Orléanais et la Touraine. L\'extrémité sud-est du territoire faisait partie d\'une quatrième province : le Bourbonnais. Une partie de la région se situe dans la région naturelle du Val de Loire.', 'Septième région par sa superficie, le Centre-Val de Loire s\'étend sur 39 151 km2. Avec 2,58 millions d\'habitants au 1er janvier 2014, soit 4 % de la population métropolitaine, la région se situe au 12e rang national ce qui fait d\'elle une des régions les moins peuplées de France métropolitaine. Sa densité de 66 habitants par km2, moitié moindre que celle de la France métropolitaine, en fait une région peu peuplée. La densité de population est plus forte sur l\'axe ligérien où vivent la moitié des habitants.', 8),
(9, '9.png', 'Avec un PIB estimé à 642 milliards d\'euros et un PIB par habitant de 52 788 euros en 20132, c\'est la région qui produit le plus de richesses en France.', 'L’Île-de-France (prononcé [il d? f???s]), que l\'on connaît aussi sous le nom populaire de « région parisienne », est une région historique et administrative française. Il s\'agit d\'une région très fortement peuplée, qui représente à elle seule 18,8 % de la population de la France métropolitaine, ce qui en fait la région la plus peuplée (12,03 millions d\'habitants en 2014) et à la plus forte densité (1 001 hab/km2) de France. Ses habitants sont appelés les Franciliens.', 9),
(10, '10.png', 'Fondé en Neustrie par Rollon, le duché de Normandie occupe à partir de 911 la basse vallée de la Seine, puis le Bessin, le pays d\'Auge et l\'Hiémois en 924, le Cotentin, l’Avranchin et les îles de la Manche en 933.', 'La Normandie (en normand : Normaundie, en anglais : Normandy) est un territoire géographique et culturel, situé au nord-ouest de la France et bordé par la Manche ; elle a traversé différentes époques historiques, malgré une absence de reconnaissance administrative entre la Révolution française et la réforme territoriale la reconnaissant. Par son histoire les frontières continentales de la province de l\'Ancien Régime épousent assez fidèlement celles de la région administrative contemporaine.', 10),
(11, '11.png', 'Les Pays de la Loire sont une région du Grand Ouest français regroupant les départements de la Loire-Atlantique, de Maine-et-Loire, de la Mayenne, de la Sarthe et de la Vendée.', 'La préfecture de région est Nantes, qui est aussi la ville la plus peuplée.\r\n\r\nBordée à l’ouest par le golfe de Gascogne (océan Atlantique-Nord), elle est délimitée au nord par les régions Bretagne et Normandie, à l’est par le Centre-Val de Loire avec qui elle partage la région naturelle du Val de Loire, et au sud par la Nouvelle-Aquitaine.', 11),
(12, '12.png', 'La Bretagne est une entité géographique et culturelle à l\'identité forte, notamment marquée par son histoire. Elle occupe une péninsule, à l\'extrémité ouest de la France, située entre la Manche au nord, la mer Celtique et la mer d\'Iroise à l\'ouest et le golfe de Gascogne au sud.', 'À la fin de l\'Empire romain, elle connaît un afflux de population dû à l\'immigration massive, de Bretons insulaires dans une partie de l\'ancienne Armorique gauloise. Ceux-ci créent un royaume4 au ixe siècle, qui devient ensuite un duché5 dépendant du royaume de France. Réunie à la Couronne de France en 1532, elle intègre le Domaine royal et devient une province française, jusqu\'à sa disparition administrative en 1790 et sa division en cinq départements : Côtes-du-Nord, Finistère, Ille-et-Vilaine, Loire-Inférieure et Morbihan.', 12),
(13, '13.png', 'Elle s\'étend sur 72 724 km2 ce qui en fait la troisième plus vaste région de France derrière la Nouvelle-Aquitaine et la Guyane, et la deuxième de France métropolitaine3. Elle compte 5 830 166 habitants (population municipale au 1er janvier 20164, et constitue ainsi la cinquième région française (et métropolitaine) la plus peuplée.', 'L\'Occitanie est une région administrative française créée par la réforme territoriale de 2014 et comportant 13 départements, et qui résulte de la fusion des anciennes régions Languedoc-Roussillon et Midi-Pyrénées. Temporairement appelée Languedoc-Roussillon-Midi-Pyrénées, le nom « Occitanie » est officiel depuis le 28 septembre 2016 et effectif depuis le 30 septembre 20161.', 13),
(14, '14.png', 'La Guadeloupe (Gwadloup en créole et, par abus de langage confondant les deux parties de l\'île, Karukera en amérindien) est à la fois une région monodépartementale de l\'Outre-mer français et une région ultrapériphérique européenne, située dans les Caraïbes ; son code départemental officiel est le « 971 ».', 'Ce territoire des Antilles et département d\'outre-mer français, bordé par la mer des Caraïbes et l\'océan Atlantique, est situé à environ 6 200 km de la France métropolitaine, à 600 km au nord des côtes du Venezuela en Amérique du Sud, à 700 km à l\'est de la République dominicaine et à 2 200 km au sud-est des États-Unis.', 14),
(15, '15.jpg', 'La Martinique est située dans l\'arc volcanique des petites Antilles, dans la mer des Caraïbes, entre la Dominique au nord et Sainte-Lucie au sud, à environ 450 km au nord-est des côtes du Venezuela, et environ 700 km au sud-est de la République dominicaine.', 'La Martinique (en créole martiniquais Matinik, Matnik ou Lamatinik1), aussi surnommée « l’île aux fleurs »2, est une région insulaire française située dans les Caraïbes plus précisément dans l\'archipel des petites Antilles. Elle est administrée dans le cadre d\'une collectivité territoriale unique dirigée par l\'assemblée de Martinique. Son code Insee est le 972. C\'est également une région ultrapériphérique de l\'union européenne.', 15);

-- --------------------------------------------------------

--
-- Structure de la table `users`
--

CREATE TABLE `users` (
  `id_user` int(11) NOT NULL,
  `lastname` varchar(255) NOT NULL,
  `firstname` varchar(255) NOT NULL,
  `email` varchar(255) NOT NULL,
  `username` varchar(255) NOT NULL,
  `civility` enum('mme','m') NOT NULL DEFAULT 'm',
  `id_region` int(11) NOT NULL,
  `status` enum('admin','membre') NOT NULL DEFAULT 'membre',
  `user_picture` varchar(255) NOT NULL,
  `password` varchar(255) NOT NULL
) ENGINE=InnoDB DEFAULT CHARSET=latin1;

--
-- Déchargement des données de la table `users`
--

INSERT INTO `users` (`id_user`, `lastname`, `firstname`, `email`, `username`, `civility`, `id_region`, `status`, `user_picture`, `password`) VALUES
(1, 'admin', 'admin', 'admin@mail.fr', 'admin', 'm', 2, 'admin', 'img-thing.jpg', '$2y$10$aUO3Kwc73o0BQlen3vp4w.UiqaJlBnPe0Gth9nDs9JQuDi24bWwEq'),
(7, 'Cantat', 'Gilles', 'gilles.cantat@mail.fr', 'Lewdgill', 'm', 2, 'membre', '', '$2y$10$y.d57WC6Rl19sXCMBSt7TO8BvOp6ftdlUVnThFITKlTkIKG3bAw22'),
(8, 'Clerc', 'Gaetan', 'gaetan.clerc@mail.com', 'Gaetey', 'm', 1, 'membre', '', '$2y$10$pCfjklwMXQVlTa4X5D30UO.7UD1AeHNjOy8YLkHVq8RXhruRYZ2X2'),
(9, 'Langlois', 'Fabrice', 'fabrice.langlois@mail.fr', 'Fagyard', 'm', 15, 'membre', '', '$2y$10$gcHSt5q5rROdpNIxQjrYwuS2b/I0la6nro5Td/.5gweI3ubsBeEHm'),
(10, 'Millet', 'Ludovic', 'ludovic.millet@mail.fr', 'Lurgog', 'm', 1, 'membre', 'back-end-developer-6470236.png', '$2y$10$sQYuTTaf5B.jMtawZNSoden6QqymZvovWlOq.MaWHzEP04nK4COoa'),
(11, 'Balsan', 'Lucie', 'lucie.balsan@mail.fr', 'Blushgurd', 'mme', 1, 'membre', 'haha.jpg\r\n', '$2y$10$4EqTBCK7/E1nGh.ikn5eU.rx2qqF6dzKk05SSVqUrVQ83uhahBVEW'),
(12, 'Cazalis', 'Myriam', 'myriam.cazalis@mail.fr', 'Fatesander', 'mme', 1, 'membre', '', '$2y$10$iVSQvTKeqUfWdStGf/LrOega/DoxliOv7erUa.GhJf5ASEoxqWKPy'),
(13, 'Musso', 'Ilsee', 'ilsee.musso@mail.fr', 'Ydiste', 'mme', 2, 'membre', '', '$2y$10$jg6iKIV2T3EV3t4jXeZTPes6dOxropUAnZKP2q.91R2rgIfeLIksO'),
(14, 'Rembert', 'Micheline', 'micheline.rembert@mail.fr', 'Dourlisle', 'mme', 2, 'membre', '', '$2y$10$rWO/ujA9dZGhHdINSGc76.PhmQb7i3UuY03b1sXcFEjeQsuOdscG2'),
(15, 'Rely', 'Josée', 'josee.rely@mail.fr', 'Sayp', 'mme', 2, 'membre', '', '$2y$10$vBHR8ojgecGfca5ocGkp3O6M85JqRqIznHASqtee3Fx0NfunO4Dde'),
(16, 'Blant', 'Michel', 'michel.blant@mail.fr', 'Hockdane', 'm', 2, 'membre', '', '$2y$10$QwWUIL7LEaXfxQuhR/vjeuHkWlLdAm0m9mrF627fQg13ekYuZM1me'),
(17, 'Calot', 'Samira', 'samira.calot@mail.fr', 'Slama', 'mme', 2, 'membre', '', '$2y$10$Ek/xAtnWHiA9iDniVBtA5uxc7gpUsYpM/Cn3qzvn4LOR3sVhgjJFi'),
(18, 'Carro', 'Sabrina', 'sabrina.carro@mail.fr', 'Slethlille', 'mme', 2, 'membre', '', '$2y$10$MBiefaA6dpgRarJlWyVyN.h/M1RfuCfpLXFy6DqS4ShSv7HbmBbB2'),
(19, 'Gallas', 'Géraldine', 'geraldine.gallas@mail.fr', 'Ghash', 'mme', 2, 'membre', '', '$2y$10$hOYwZP3T3qh2cLaLVtl6ReU8gahjd6LCy2n9DqUpMACOaxyqUORRe'),
(20, 'Pernod', 'Sebastien', 'sebastien.pernod@mail.fr', 'Bowersander', 'm', 2, 'membre', '', '$2y$10$95K8UFAA3DbZVjUNpHxiaOb4DkaOUbq7T4rSlQszcduEcGQP9/YGi'),
(21, 'Bernadet', 'Guillaume', 'guillaume.bernadet@mail.fr', 'Ogmog', 'm', 2, 'membre', '', '$2y$10$fTjM82bbvrC5/gtuP4Xqoesi1iQqqDL4aQY1/Wjgp108CI9XLF3wm'),
(22, 'Lepin', 'Francis', 'francis.lepin@mail.fr', 'Steedard', 'm', 2, 'membre', '', '$2y$10$j.CSOO6wZXv5bhTzywh1UO0zbwbI4Rea2pSDnoCzKIcAc.qaL0pXe'),
(23, 'Helix', 'Daniel', 'daniel.helix@mail.fr', 'Swarcelot', 'm', 3, 'membre', '', '$2y$10$KkMmPTVkCgKJWKlbEP0UNussjz1aT30zrOJc9FYSVrTZwxj1UgLfi'),
(24, 'Sinet', 'Nina', 'nina.sinet@mail.fr', 'Nenarra', 'mme', 3, 'membre', '', '$2y$10$0nl8I1kh1tnyzKlwdwWTC.GTNFou9AtOhb/lYfY5w5SKDmA5s6Kg6'),
(25, 'Vedrine', 'Gwenaelle', 'gwenaelle.vedrine@mail.fr', 'Gwenvara', 'mme', 3, 'membre', '', '$2y$10$rU3JgTcGFdJ/.aMCVwLepeTzGgmJng3Gdme6zC2II/XYsYBHuvMp.'),
(26, 'Belleme', 'Roger', 'roger.belleme@mail.fr', 'Bolrod', 'm', 3, 'membre', '', '$2y$10$I5MbWfADRhSifiM/OoQXy.XrApub9.iiQgcd8NXB8gFIaWA3q9m/O'),
(27, 'Naudot', 'Aziliz', 'aziliz.naudot@mail.fr', 'Azgar', 'mme', 3, 'membre', '', '$2y$10$/.NZmpV0THKoxIg0IG9xSOdk27TySaifC7s1IdDeoIRvIuDDFDV/e'),
(28, 'Geslot', 'Emilie', 'emilie.geslot@mail.fr', 'Minaye', 'mme', 3, 'membre', '', '$2y$10$A9K7JUnE72ArsLu8WDH5K.SobFPbczdMvPPzLqqTCMgwJYaY2vFM.'),
(29, 'Kerebel', 'Gilles', 'gilles.kerebel@mail.fr', 'Dourwood', 'm', 3, 'membre', '', '$2y$10$ouX5D/0VfaEQQuL4lOLXmOXInUdkPe1sm9FcpuALtc1LsVSdUdyr.'),
(30, 'Bocquier', 'Armand', 'armand.bocquier@mail.fr', 'Araann', 'm', 3, 'membre', '', '$2y$10$OveLO7YB2.H.wdJ3y241n.r67kadnAaPt.8HR4gFX6oDjUv7GpgcK'),
(31, 'Palet', 'Kevin', 'kevin.palet@mail.fr', 'Pasly', 'm', 3, 'membre', '', '$2y$10$vPAZ6vAw48ZXvzpvYOZiI.WoYjPCQ/kgaaBMz//Sm0Yor3UJJHKMu'),
(32, 'Ledent', 'François', 'francois.ledent@mail.fr', 'Durbagar', 'm', 3, 'membre', '', '$2y$10$CfwFICgpfdR1LSlUierGYeqYH21p5Y2L2yEDle9JNeePpDs6MxLju'),
(33, 'Dare', 'Julien', 'julien.dare@mail.fr', 'Caghley', 'm', 4, 'membre', '', '$2y$10$fUFDiVZQmOLLPVbweAmvBOc1cST5d9IK5Cooms0fxtCJnO8M6ALI6'),
(34, 'Herold', 'Sylvie', 'sylvie.herold@mail.fr', 'Vina', 'mme', 4, 'membre', '', '$2y$10$gTwQbBIyjOkqOae6Lqh/C.C2/NJuf.aqvsHAfULHMgGXxkZMzikzK'),
(35, 'Chenais', 'Mohamed', 'mohamed.chenais@mail.fr', 'Balkhnarb', 'm', 4, 'membre', '', '$2y$10$/UawQXR1HYHDLedzv24JtOMwA25Ukm1YWEXs4yzeRD4I0W/zf9fIm'),
(36, 'Fouere', 'Caroline', 'caroline.fouere@mail.fr', 'Havoredrik', 'mme', 4, 'membre', '', '$2y$10$EvhTILHmkuM5yMFXowVhOuInxTXkxAYSIrRROLBMjTM7ROxYzMr/6'),
(37, 'Larrey', 'Cindy', 'cindy.larrey@mail.fr', 'Saya', 'mme', 4, 'membre', '', '$2y$10$MgOlkDos87FNmFp0rx5..uclp9oWXHeVjRphboQUXAg.y3GKnHXxm'),
(38, 'Brousseau', 'Linda', 'linda.brousseau@mail.mail', 'Linya', 'mme', 4, 'membre', '', '$2y$10$eMc1fbdoC..Urhj9yIpm0.GWWJEHQFcrssXbrdchcutr5q4pSg/Ra'),
(39, 'Galey', 'Michel', 'michel.galey@mail.fr', 'Maeshell', 'm', 4, 'membre', '', '$2y$10$XfF9PFqNWmOn5Ll33oY9Bui43tj1hcl2eUxO7VTw7AbgU3.1E6N1u'),
(40, 'Lasselin', 'Jules', 'jules.lasselin@mail.fr', 'Maeshara', 'm', 4, 'membre', '', '$2y$10$Ti4.b0sBKY/hWu3fB1iTMuhkbuPVWBnPDjzWwTUIfulWBoDKYyj9y'),
(41, 'Lecourtier', 'Thomas', 'thomas.lecourtier@mail.fr', 'Rhasech', 'm', 4, 'membre', '', '$2y$10$LCDxNeQwsde0lmf6kE3zxeEyrB4FEdklbOZfu5QPSCarhmB1t3RaS'),
(42, 'Dupriez', 'Clara', 'clara.dupriez@mail.fr', 'Urggar', 'mme', 4, 'membre', '', '$2y$10$RRA7DdPXUGV4o1OAihepN./H88UOPt5QLT5otTIyxe2dePp.Tn9M.'),
(43, 'Palustre', 'Grégoire', 'gregoire.palustre@mail.fr', 'Wailnard', 'm', 5, 'membre', '', '$2y$10$KxwycIzmMShEAFY5YxQ6yuUz3uGS.6Y7SywxMqzn1hb.CXqUvl08G'),
(44, 'Bonaud', 'Jean', 'jean.bonaud@mail.fr', 'Boilton', 'm', 5, 'membre', '', '$2y$10$mBBjFVKp5n/4ke6Kjvwo1eflzo64LtadlD.KPpCYYGc44qg.tnkrO'),
(45, 'Peyras', 'Sabine', 'sabine.peyras@mail.fr', 'Wormney', 'mme', 5, 'membre', '', '$2y$10$7yMyPu7WkYuUTNvxTmo3ROUOESaDRh5HPuE7i9teVu6thuG3rPAu.'),
(46, 'Lege', 'Nell', 'nell.lege@mail.fr', 'Nelvara', 'mme', 5, 'membre', '', '$2y$10$pITWPD5L0Trw5Usle2pnme5tKRLaV87vkyLv6/itzd.RAomCYcNWa'),
(47, 'Coupez', 'Cécilia', 'cecilia.coupez@mail.fr', 'Rilar', 'mme', 5, 'membre', '', '$2y$10$c0LkjtyA1jDP1MGBYZ5q6eMANU9udFB/hFy4HVO.AMIdiaZbfoBPO'),
(48, 'Ferrieu', 'Mathilde', 'mathilde.ferrieu@mail.fr', 'Marafa', 'mme', 5, 'membre', '', '$2y$10$PCKxAUp0N2dslb1dPpONXuMzIJZQhPz1sW9a4Eq2pVhjfNNdixeA6'),
(49, 'Kurtz', 'William', 'william.kurtz@mail.fr', 'Ethell', 'm', 5, 'membre', '', '$2y$10$/CBO.8p3zsVZKz8jWlFfTuTtKngxY4E2fYSaSkQ2Vt7xLrOj5cRdW'),
(50, 'Tournai', 'Patrick', 'patrick.tournai@mail.fr', 'Yazhgar', 'm', 5, 'membre', '', '$2y$10$59w0CnYNU6zX8JpdTm5PLe0TawseoGmFQrPZpQPDU6t1yX5Jmh9QW'),
(51, 'Dubert', 'Oscar', 'oscar.dubet@mail.fr', 'Oggar', 'm', 5, 'membre', '', '$2y$10$i7bVrYqWlPvjCMyUTbSqq./Fpwsai8bStxS6qrfgRWmP5hyf0hPFq'),
(52, 'Moriau', 'Hélène', 'helene.moriau@mail.fr', 'Nellen', 'mme', 5, 'membre', '', '$2y$10$c1r5ZqbUcjXZ7J7xuNck8OgX/1iWxNjtvhhLaTNaiR8Nrge1DHAOq'),
(53, 'Mariani', 'Ange', 'ange.mariani@mail.fr', 'Poli', 'm', 6, 'membre', '', '$2y$10$0bvzJDxwaEjg4AuGchmYo./Ec4LJhSl67rO8g0L5NAUoxGpxxMZ/e'),
(54, 'Mattei', 'Donu', 'donu.mattei@mail.fr', 'Panzano', 'm', 6, 'membre', '', '$2y$10$jxxwxHEPp9skGX7DTcDmOuvjG5UFAY6EzSxvFyTr5vtSbsZSjbGvG'),
(55, 'Casanova', 'Anto', 'anto.casanova@mail.fr', 'Vivario', 'm', 6, 'membre', '', '$2y$10$AGI2pJJ0aXXlv7MYe6pfceBRbfU40C/6byeOi8AMowT3vdsZdE2na'),
(56, 'Santoni', 'Lisandru', 'lisandru.santoni@mail.fr', 'Orsu', 'm', 6, 'membre', '', '$2y$10$RucZWjg0g0QNq7JOZcjYGutZKJGJVxeXOpeU1tQ3tkOsQ03zfCvhG'),
(57, 'Luciani', 'Petru', 'petru.luciani@mail.fr', 'Pinzuto', 'm', 6, 'membre', '', '$2y$10$x9xzlWXcc81aJz6Jj2bPqOV0ZvyMVvt5Si.DOj1BCTt/xD1NhYSnC'),
(58, 'Paoli', 'Adalina', 'adalina.paoli@mail.fr', 'Vannina', 'mme', 6, 'membre', '', '$2y$10$uKLeGdHg3IgZ7MZ/CMTeZuG83OhiZkGehDuPPHNuFFVQQEVyTUBVa'),
(59, 'Rossi', 'Antonia', 'antonia.rossi@mail.fr', 'Serena', 'mme', 6, 'membre', '', '$2y$10$CYTq2WbqitlSmytcUG8M3Oig4CdV84STf75XFVNLp1OTgDR6HeeLW'),
(60, 'Morelli', 'Catalina', 'catalina.morelli@mail.fr', 'Lesia', 'mme', 6, 'membre', '', '$2y$10$u5TsQa2xHl/YqlergtGwauljGC6T4Rui77PLIRrHBpr/ORSECMWaq'),
(61, 'Pieri', 'Stella', 'stella.pieri@mail.fr', 'Alena', 'mme', 6, 'membre', '', '$2y$10$0DYYLo0240aUi61qVlut8OmPEgqI0bFoE34KkcHyahr73f8RbOJLm'),
(62, 'Filippi', 'Simone', 'simone.filippi@mail.fr', 'Giulia', 'mme', 6, 'membre', '', '$2y$10$iEFLD4pjdB7BiIokYNONoehnd0wsMgur8oy9mBK2BgGAOlCcIHu/6'),
(64, 'Gabas', 'Geraldine', 'geraldine.gabas@mail.fr', 'Lilette', 'mme', 7, 'membre', '', '$2y$10$QsBumiqw9yQl3AFLqaSOq.OKURk3zgWdCwYhvX1XlejjiobVFoKVK'),
(65, 'Gabas', 'Serge', 'serge.gabas@mail.fr', 'Farouch', 'm', 7, 'membre', '', '$2y$10$7Lg6TTXSt6iIdVYPbsf1Ye0bqI5IyW1nLlJwaOuJuLvTCi0psGhSu'),
(66, 'Maguet', 'Caroline', 'caroline.maguet@mail.fr', 'Arlura', 'mme', 7, 'membre', '', '$2y$10$cjiHDqRw/A3sU0WGed6naOW965u1xz8l0URsOH2K5VniMOFcTt59m'),
(67, 'Reverdy', 'Sylvia', 'sylvia.reverdy@mail.fr', 'Bearriel', 'mme', 7, 'membre', '', '$2y$10$Hc85zdnXCIxauUzI6b3ffOgJNZtRMD8OfNduKnPE6fJj0GPywmemO'),
(69, 'Quintard', 'Julien', 'julien.quintard@mail.fr', 'Boyvard', 'm', 7, 'membre', '', '$2y$10$9dJ4SpaM0kzFkfrMT7oX6Oh9.4AWPyD/.f5Y13/87BDZSjdLlcb3i'),
(70, 'Grenier', 'Rémi', 'remi.grenier@mail.fr', 'Volubal', 'm', 7, 'membre', '', '$2y$10$3J1Bx8pGXn4Pj1ZejjjiyuM5N3m4J7mnDOosptQXnOfii5QpW1e8.'),
(71, 'Martinville', 'Valentin', 'valentin.martinville@mail.fr', 'Aznarb', 'm', 7, 'membre', '', '$2y$10$EeIZWM7hGd4UBcCAvHIt2eTadeclWsvBGZ8c0JjVu2i9zsugoyPaC'),
(72, 'Mbueno', 'Hélène', 'helene.mbueno@mail.fr', 'Ghashubal', 'mme', 7, 'membre', '', '$2y$10$u326tWy59.lBLEG2hbubr.HWyFEGLFnwaBayWRIAcbUHUlg4d2NCy'),
(73, 'Mermin', 'Patrick', 'patrick.mermin@mail.fr', 'Faeunn', 'm', 7, 'membre', '', '$2y$10$7gNCHoWu7R.Cm3CTiVLLQe32cU8.7xDkRc7kynAJlSv1uFTcWfqvq'),
(74, 'Bordier', 'Gael', 'gael.bordier@mail.fr', 'Kalock', 'm', 7, 'membre', '', '$2y$10$Op.IDVPVHiqwYquF/iTETOXdyesmrH6v6PjFKqX5xfgyLoGv8doki'),
(75, 'Lefevre', 'Yannick', 'yannick.lefevre@mail.fr', 'Randroki', 'm', 8, 'membre', '', '$2y$10$heWS82gVLcOEl8XtmJXHY.qq/LgtRqMzzityMn3LAbrCe1Qr8Yq0G'),
(76, 'Fayel', 'Jules', 'jules.fayel@mail.fr', 'Flysard', 'm', 8, 'membre', '', '$2y$10$fxhSormlbFQ5rly80mYBl.TbU5tzUGdd0slVvW5NHuOX7kms36sLO'),
(77, 'Guinel', 'Gabriel', 'gabriel.guinel@mail.fr', 'Cefixon', 'm', 8, 'membre', '', '$2y$10$TZBHXhFhJMw9OmXq4q84K.9K.DgB1RYcSRgOwlYVawJxcLOSXhLc2'),
(78, 'Barre', 'Kevin', 'kevin.barre@mail.fr', 'Avajymon', 'm', 8, 'membre', '', '$2y$10$sQC8ncTWuwVDBUUpRb7gJesIKRC/2iP2zQczkf17NRPzzd7Vdi6Tq'),
(79, 'Mury', 'Jérome', 'jerome.mury@mail.fr', 'Jomelelgh', 'm', 8, 'membre', '', '$2y$10$Pg5PYGrUCwGVWwI7g3png.Dp8031tcy/QRBdKXeTnU8407B9Nrdg.'),
(80, 'Giboire', 'Sophie', 'sophie.giboire@mail.fr', 'Numneloth', 'mme', 8, 'membre', '', '$2y$10$r60hmhV1/LohAvJAMWAfz.VCwz6vxtSXAi6U9c2e78GcNbhwoae9q'),
(81, 'Payne', 'Alice', 'alice.payne@mail.fr', 'Arllast', 'mme', 8, 'membre', '', '$2y$10$ep93pgxrJpgtx.pnpBJKVuEKYQqb4iLVhxMv33At1EniAZL63k/3S'),
(82, 'Guenel', 'Claire', 'claire.guenel@mail.fr', 'Deshonth', 'mme', 8, 'membre', '', '$2y$10$fUApfRwX1KzoLdoZcSN49OK8CG/Ryvgr9wg8QKw37iwfM0nkjIjAW'),
(83, 'Hode', 'Zelda', 'zelda.hode@mail.fr', 'Borgaalk', 'mme', 8, 'membre', '', '$2y$10$RzjknRSiznhq99m3mBKjo.y2c1Yo9igcKxm/d6w7k.VpCSkK67f/G'),
(84, 'Foliot', 'Amandine', 'amandine.foliot@mail.fr', 'Noldyk', 'mme', 8, 'membre', '', '$2y$10$ZQvUaCliymI1fZzryHpoxugeD5a.Y6.osaNmzD1n1cPalk89HFXRe'),
(85, 'David', 'Audrey', 'audrey.david@mail.fr', 'Orzalvin', 'mme', 9, 'membre', '', '$2y$10$Txk8GyxLv.CUAmzDK.4EYOc3kLEkUhT4Md3DsXVPk8mqYh4gKVDoy'),
(86, 'Guigo', 'Raphael', 'raphael.guigo@mail.fr', 'Testand', 'm', 9, 'membre', '', '$2y$10$rUAm/EoAiuuy.lrMwCglNuYbb3rDUbYFUanaqjUohYl0ywppy3vQm'),
(87, 'Bigault', 'Paul', 'paul.bigault@mail.fr', 'Theonilok', 'm', 9, 'membre', '', '$2y$10$9mqi4x6uH0Mn1TGQ2aHsI.n6HN9mS5SrypWd8DD88p8bFb1eHiXNS'),
(88, 'Chopin', 'Clémentine', 'clementine.chopin@mail.fr', 'Winakang', 'mme', 9, 'membre', '', '$2y$10$dQIS34M4u8qiKKy85n63MOSEpMsqDFFGe6LV38PH7.2jJAF9vjR.O'),
(89, 'Orban', 'Virginie', 'virginie.orban@mail.fr', 'Llagissa', 'mme', 9, 'membre', '', '$2y$10$0k1SyOo8rxBY2Z9acMv5suVcF0L8uaofjVcIRNyzf1HupgwiLJjjS'),
(90, 'Dien', 'Wendy', 'wendy.dien@mail.fr', 'Rhinliaw', 'mme', 9, 'membre', '', '$2y$10$yvuT0MfefdUBQ3D.oixmLej8NkxyYbem5mPXpB.4rn3CF2cIcMjO2'),
(91, 'Nonotte-Varly', 'Thibaud', 'thibaud.nonottevarly@mail.fr', 'Eisslimb', 'm', 9, 'membre', '', '$2y$10$93FDZc85F0uPgtDhcvMeeuCDm/tbqxyoUQK/GjPo2LsiARfIfQlh.'),
(92, 'Cachat', 'Pierre', 'pierre.cachat@mail.fr', 'Truslawe', 'm', 9, 'membre', '', '$2y$10$0oL1Of7qFBo.H4P0MnZfPer50y3vcHQurtya15SxpA6EXzDgggB0W'),
(93, 'Saumel', 'Samuel', 'samuel.baumel@mail.fr', 'Simbamb', 'm', 9, 'membre', '', '$2y$10$nxO2ye6xMX4YlK4KcunPKe5o2cKHRfgN1reag/2jEDaBPEX2Uy6s.'),
(94, 'Alet', 'Justin', 'justin.alet@mail.fr', 'Terhathog', 'm', 9, 'membre', '', '$2y$10$nVMjqrn3ZLLFEucEaQHOvuF3.oAgCk1wK0pt7LWWLgUZGjBcRDAl6'),
(95, 'Borget', 'Valerie', 'valerie.borget@mail.fr', 'Valarlesp', 'mme', 10, 'membre', '', '$2y$10$7YniIuVMlMvPdHoODOcHVeI5J2jzZbaHXNUsKwlDt5gaQ91fUyKc2'),
(96, 'Muret', 'Pierre', 'pierre.muret@mail.fr', 'Omloss', 'm', 10, 'membre', '', '$2y$10$eFYvjKwOWZ7gxl5S3/NJlOtsTurwjhm.GYa4lJY9GLjACiuBB2y22'),
(97, 'Ruas', 'Alice', 'alice.ruas@mail.fr', 'Ithulice', 'mme', 10, 'membre', '', '$2y$10$V26Zk8.T8C579ecUXiTD/u7kyd1llmXkHZhrx2Ers2GNe/dKFVgdK'),
(99, 'Bourdieu', 'Rémi', 'remi.bourdieu@mail.fr', 'Lroki', 'm', 10, 'membre', '', '$2y$10$3hvhVJgafJ.zZtrEXKHi6.MxXDoh2dDCM9P8M2YY3afEQaZy.j156'),
(100, 'Degeneve', 'Coralie', 'coralie.degeneve@mail.fr', 'Cushoff', 'mme', 10, 'membre', '', '$2y$10$ZhGik3f4ie3Qif/Aql7e4.lDG6skrbFegOwOP2qzGSCwWOPpn3D5K'),
(101, 'Juliot', 'Damien', 'damien.juliot@mail.fr', 'Quesarel', 'm', 10, 'membre', '', '$2y$10$VbepWlv7Gz8SRCpJUgmwieaMju03R5xGjlzM7iNC5IslF1Php76YC'),
(102, 'Gleau', 'Valérie', 'valerie.gleau@mail.fr', 'Muskebon', 'mme', 10, 'membre', '', '$2y$10$qo/mlPAx7wDBBgxRcH7J9.f8oBEP5kj.thqs5O/W/Q5x8eF3y4vI6'),
(103, 'Tapie', 'Daniel', 'daniel.tapie@mail.fr', 'Telpondi', 'm', 10, 'membre', '', '$2y$10$rlGRt/XQuUfkAqouug1KxuPb1X.s0XDNhaMZlSsysjTG5RdITrLKu'),
(104, 'Bech', 'Sandrine', 'sandrine.bech@mail.fr', 'Irartuss', 'mme', 10, 'membre', '', '$2y$10$EaG07O/BZ64hTd1nPJ.lYOaYdUAwHKJUz3narSTZs2cElXyRu7UG.'),
(105, 'Ricq', 'Antoine', 'antoine.ricq@mail.fr', 'Pudelkin', 'm', 10, 'membre', '', '$2y$10$noNHt9Bq1iEwoWmpJY4f9O0I7f6sgkT.GcJM9hIAWaIq3gqgs5sFO'),
(106, 'Moch', 'Sandrine', 'sandrine.moch@mail.fr', 'Poness', 'mme', 11, 'membre', '', '$2y$10$v572YD3cIJPgKRED6TomP.cv7H/mjOMOsM3fYIuZrcnEB7yl8ntWO'),
(107, 'Baldassara', 'Denis', 'denis.baldassara@mail.fr', 'Kuldreor', 'm', 11, 'membre', '', '$2y$10$HLovq291K1KcQT5doyvr2Omskw/U.nHItnV0Q5UtT8q0AvZYWbvAW'),
(108, 'Tartiere', 'Iseult', 'iseult.tartiere@mail.fr', 'Islaron', 'mme', 11, 'membre', '', '$2y$10$ldJdW0zK56fiTgzoQeHRj.qg6BhTHamzBB7Tj2mP6QfGkfYkRl2x.'),
(110, 'Rahon', 'Tristan', 'tristan.rahon@mail.fr', 'Gresiage', 'm', 11, 'membre', '', '$2y$10$2oVP/UUB47NdVZFwvVU8cegJ.RoZk0mrypXJvrW2j4fkxQ6uTJMw.'),
(112, 'Pupin', 'Audrey', 'audrey.pupin@mail.fr', 'Nexodur', 'mme', 11, 'membre', '', '$2y$10$neQxqRtfcEj.RR5PlQWBEe6JIz5Z5UzoD6OesKlHkg2R2RZp1U8Ay'),
(113, 'Viviand', 'Jean', 'jean.viviand@mail.fr', 'Xyleran', 'm', 11, 'membre', '', '$2y$10$d8HglMwYRhgdDWWWLSnh3e8dAVzX3DvmvmEXZw1cKHdZ.7IBb3tL6'),
(114, 'Cormon', 'Solange', 'solande.cormon@mail.fr', 'Enbisen', 'mme', 11, 'membre', '', '$2y$10$qKFzve.1nMCfHMRQI7Wn..Y3GRoJur12Oy.DUP8CY4j0MzJJhc7mK'),
(115, 'Renaud', 'Regis', 'regis.renaud@mail.fr', 'Rendani', 'm', 11, 'membre', '', '$2y$10$GCA7TCT8wUbFsHN52kG/2O2QG4Ep41PKmlT9tmM/NmAlvR6OAdrrO'),
(116, 'Bourcet', 'Sarah', 'sarah.bourcet@mail.fr', 'Gasgelass', 'mme', 11, 'membre', '', '$2y$10$Fcr4jd/hFyWIyXgjsNg7Z.Qm9JZm8Gdcoob9NOBv/8lJzjSjlooTu'),
(117, 'Huault', 'Laurent', 'laurent.huault@mail.fr', 'Brenrotil', 'm', 11, 'membre', '', '$2y$10$4IP4iSP1ZxapTrdpp8VJqOxZrVu5ffih7huwzSVk4j0ed3wx3iVXm'),
(118, 'Danielou', 'Aziliz', 'aziliz.danaielou@mail.fr', 'Aalyah', 'mme', 12, 'membre', '', '$2y$10$47zwNCR7UYj8/9OPipkxOOTSJBDHpdQ9uDPQ7troqXW.qumMO2TY2'),
(119, 'Robic', 'Alana', 'alana.robic@mail.fr', 'Arzhela', 'mme', 12, 'membre', '', '$2y$10$B6KxlM2SafrgmNAX1.NnWObnKUccO1/C5oL9hVpuMKab0bzQ8vOQu'),
(120, 'Touanic', 'Gaud', 'gaud.touanic@mail.fr', 'Awena', 'm', 12, 'membre', '', '$2y$10$9PrQI9ZaAMCb/gpA1oyqFeNuutx/gJg7OtwQuxLt7c3pzykbCk/aK'),
(121, 'Le Gal', 'Maela', 'maela.legal@mail.fr', 'Maden', 'mme', 12, 'membre', '', '$2y$10$Kk8JyOdwi37M.2j1Z5oIv.jdJc0qWvyUje7ox2MCoGAl5aSO3Kk9C'),
(122, 'Le Guen', 'Loan', 'loan.leguen@mail.fr', 'Lorva', 'm', 12, 'membre', '', '$2y$10$MpI/EdiQRseQb/BSJ6rmcOZW1FjlNjmxZ6qSLoCQB6NZ2Nl0V/Wjm'),
(123, 'Ker', 'Loïc', 'loic.ker@mail.fr', 'Laouenan', 'm', 12, 'membre', '', '$2y$10$asoGsJJW30unyzwlu8ylDe0iIcULf6WWw1i45pRnPy0sQj81mRjWi'),
(124, 'Poder', 'Guenole', 'guenole.poder@mail.fr', 'Kylian', 'm', 12, 'membre', '', '$2y$10$mDFery91q8Ij49FOXF/jMucTTfS1gH2Rg52ZV/no.w0skj2OzlLaO'),
(125, 'Quiguer', 'Ael', 'ael.quiguer@mail.fr', 'Jazek', 'm', 12, 'membre', '', '$2y$10$4JfNSNu3gszLEFHQzdA8k.2BjRRoEqyh3I89D9wwnfTgGXQaIoNPe'),
(126, 'Le Goff', 'Lug', 'lug.legoff@mail.fr', 'Hoel', 'm', 12, 'membre', '', '$2y$10$snjU25u53TvP7fVnJY/fUuuz6.e.G8bc3S0lfZ6VB.Wr59cNbuJa.'),
(127, 'Alanic', 'Hervé', 'herve.alanic@mail.fr', 'Gweltaz', 'm', 12, 'membre', '', '$2y$10$Mdf40PF3W6lbaJ/YW7mY8.qIoWSaQzTDbWNk2msEMJxdAQ4Rkya.W'),
(128, 'Lasbats', 'Paul', 'paul.lasbats@mail.fr', 'Ornelage', 'm', 13, 'membre', '', '$2y$10$Z7VIvr2A6MJ4pqGyyalDhuB0YtgKrgIUZfL8YiK0fRnM9DcQjAZkG'),
(129, 'Menviel', 'Martine', 'martine.menviel@mail.fr', 'Ogubal', 'mme', 13, 'membre', '', '$2y$10$VVthE57/UdhtTI4hM57l5.8Yo0i2wrdjd.XVXltwG275Fn4AgHgeO'),
(130, 'Lefrere', 'Jacques', 'jacques.lefrere@mail.fr', 'Eclipse', 'm', 13, 'membre', '', '$2y$10$d9VeXUzP2U1kodo.h30sH.YhIg1LvJjwpKGOlagM53xL1TfZtj22W'),
(131, 'Bouvry', 'Laure', 'laure.bouvry@mail.fr', 'Kenny', 'mme', 13, 'membre', '', '$2y$10$54Wwy7RMo83PhnpfE2dQ3u37myY9ebry4ro6vbs3OyZ0pS6apPGKO'),
(132, 'Escouteloup', 'François', 'francois.escouteloup@mail.fr', 'Shadow', 'm', 13, 'membre', '', '$2y$10$VkjMJKMIdq.Q48RuoL.J0OKGlFa2Koapsa3Yy0Pq9z/eYCSsyMtUm'),
(133, 'Soubirou', 'Maria', 'maria.soubirou@mail.fr', 'Pretty', 'mme', 13, 'membre', '', '$2y$10$veZIHFer6Zx1uv4nz06MQu7KD08IyD8sz9V0G/rEgcJjkR3eCtDBa'),
(134, 'Dugué', 'Bertrand', 'bertrand.dugue@mail.fr', 'Johnny', 'm', 13, 'membre', '', '$2y$10$iSkMyvqx.APWEuXp0rsTB.GsaHlFG8gnxNYakLHmFUkgMoKu/r/NW'),
(135, 'Chassaing', 'Corinne', 'corinne.chassaing@mail.fr', 'Mademoiselle', 'mme', 13, 'membre', '', '$2y$10$8bLiHU9TuAX/V1qpIFj4PeA.e80JmN8yQWECNklLkjknRY6pds046'),
(136, 'Magron', 'Antoine', 'antoine.magron@mail.fr', 'Scoubidou', 'm', 13, 'membre', '', '$2y$10$/9gaKEivUjklfv8fbp71bO7K0q8/3LuSxvAi/sMv3Qce690zJJJmK'),
(137, 'Lacaze', 'Sandra', 'sandra.lacaze@mail.fr', 'Ptitchaton', 'mme', 13, 'membre', '', '$2y$10$CbR2aV9cmNvaO5ZpEyXo5OBcFEcsI.sHpwpA8zWYVoEdoynZNhvjS'),
(138, 'Greaux', 'Audrey', 'audrey.greaux@mail.fr', 'Gwadagirl', 'mme', 13, 'membre', '', '$2y$10$z8dK99GGFMxLVX8VL/XIBOe0joCxCbCplEB8d99Q3EH3MA.LzMxKe'),
(139, 'Louis', 'Océane', 'oceane.louis@mail.fr', 'Basster', 'mme', 14, 'membre', '', '$2y$10$9mt1SaN1HPtH89hd29RIp.A8Gipb0cRrOUVAFyQkVp3YzmLY7HGoq'),
(140, 'Bourgeois', 'Sarah', 'sarah.bourgeois@mail.fr', 'Surfprincess', 'mme', 14, 'membre', '', '$2y$10$N.fXaFcc3DLQIhhHdBTQR.cqVWLcBNL2jLqBNJed.ZYzgnDZ6tL.W'),
(141, 'Kancel', 'Elodie', 'elodie.kancel@mail.fr', 'Caraiba', 'mme', 14, 'membre', '', '$2y$10$B/s2.3g2hgz/EygqIYpDXOzTjcW.pvJ9WtwbQKjQguUA3plBdK38u'),
(142, 'Romain', 'Jessica', 'jessica.romain@mail.fr', 'Jessgwada', 'mme', 14, 'membre', '', '$2y$10$5mOd1xvzl0ktc9xi9EwIPuhp1ywDRRHExkhowFDUQOJGM/KB/Txgq'),
(143, 'Guillaume', 'Anthony', 'anthony.guillaume@mail.fr', 'Gwadaboy', 'm', 14, 'membre', '', '$2y$10$WdT6eWapB2w6njszLTfP3OIC6WuYAUUWj2r/O7ofxpQvpK6Hm88fO'),
(144, 'Alexis', 'Lionel', 'lionel.alexis@mail.fr', 'Gwadloup ', 'm', 14, 'membre', '', '$2y$10$OnSCK9fNScnzcPIICggZn.SE3VOxz.sTQ3hxcCKvB8kjrjM2Jex5.'),
(145, 'Etienne', 'Kevin', 'kevin.etienne@mail.fr', 'Karukera ', 'm', 14, 'membre', '', '$2y$10$4MKWvRYHEEVF4JkY0pOj7.loaxf3PZfIyEpUWUjA5oPBRSDYAiCrK'),
(146, 'Ledee', 'Temmy', 'temmy.ledee@mail.fr', 'Mangrove', 'm', 14, 'membre', '', '$2y$10$3iBEijy.51Q40aquFIsK6eEDTBNHnNIB4VHh2C.NvGMQFeANOPO6G'),
(148, 'Laplace', 'Manuel', 'manuel.lapalce@mail.fr', 'Gwadaruhm', 'm', 14, 'membre', '', '$2y$10$WIPj3kQeJziJ4MW0c5/FSedrilTByYAN3MCn.xUF4MhPG09XF97Ui'),
(149, 'Phejar', 'Elodie', 'elodie.phejar@mail.fr', 'Mangouste', 'mme', 15, 'membre', '', '$2y$10$oZAicfhkZuw/FYMgTLr6D.fNdyjqJs8WCj2LlJw8Y99C.E26UmkmS'),
(150, 'Mirsa', 'Océane', 'oceane.mirsa@mail.fr', 'Roxelane', 'mme', 15, 'membre', '', '$2y$10$BhjWe/RjZkrYXfvGOJQNteU8VqTFavpl8up0ykS0dJTSnTYQLNsiC'),
(151, 'Panor', 'Melissa', 'melissa.panor@mail.fr', 'Caravelle', 'mme', 15, 'membre', '', '$2y$10$XbVz3NWsOhEegQ8r.3NF/eBiN6Hb19X1.rzCWBX1Pu8n32V436m6G'),
(152, 'Dibandi', 'Léa', 'lea.dibandi@mail.fr', 'Alize', 'mme', 15, 'membre', '', '$2y$10$x9ZbvGhmKhbdu3eib2Pse.heKdGRROFwOvC0vhYJUfWhSKPeByJ2m'),
(153, 'Laucourt', 'Leila', 'leila.laucourt@mail.fr', 'Matinikgirl', 'mme', 15, 'membre', '', '$2y$10$WRlKx2crONI1diHpRS8v3.VbAcgIRr3.A0jLEsVecABPK70FhcAIy'),
(154, 'Yzidee', 'Nicolas', 'nicolas.yzidee@mail.fr', 'Matinikboy', 'm', 15, 'membre', '', '$2y$10$pNdYmWG1VkJL5MCy1vHAyuugHyxDblKGGu9eMY/GwAzpPXvRQ8SDK'),
(155, 'Levostre', 'Arnaud', 'arnaud.levostre@mail.fr', 'Cayes', 'm', 15, 'membre', '', '$2y$10$LMjjtJ2Ian5vIbCgVegZLe3UrIaLVhbMPs2/ISle2C1Qo0mIJSaG.'),
(156, 'Pompuis', 'Christopher', 'christopher.pompuis@mail.fr', 'Galion', 'm', 15, 'membre', '', '$2y$10$VlLsu5aTwxYB9GeAlskZWuSxAhS8eg/5KucH1wB2AfdK3aguORYNi'),
(157, 'Perroa', 'Gao', 'gao.perroa@mail.fr', 'Massel', 'm', 15, 'membre', '', '$2y$10$BVqfipJ3wYla1Ajug0VEcuNSPk1IzUgZ6xs6EWrkYPEEal0CyaYT2'),
(159, 'webforce3', 'webforce3', 'webforce3@mail.fr', 'webforce3', 'm', 8, 'membre', '', '$2y$10$bzr/7Y1wa8MxWp8oDJFB9ua4a3PwtQdbYuMOTxm2uBaG3vR0rFNDu');

--
-- Index pour les tables déchargées
--

--
-- Index pour la table `comments`
--
ALTER TABLE `comments`
  ADD PRIMARY KEY (`id_comment`),
  ADD KEY `id_user` (`id_user`),
  ADD KEY `id_recipe` (`id_recipe`);

--
-- Index pour la table `rating`
--
ALTER TABLE `rating`
  ADD PRIMARY KEY (`id_rate`),
  ADD KEY `id_recipe` (`id_recipe`),
  ADD KEY `rating_ibfk_1` (`id_user`);

--
-- Index pour la table `recipes`
--
ALTER TABLE `recipes`
  ADD PRIMARY KEY (`id_recipe`),
  ADD KEY `id_region` (`id_region`),
  ADD KEY `id_user` (`id_user`);

--
-- Index pour la table `regions`
--
ALTER TABLE `regions`
  ADD PRIMARY KEY (`id_region`);

--
-- Index pour la table `regions_details`
--
ALTER TABLE `regions_details`
  ADD PRIMARY KEY (`id_region_detail`),
  ADD KEY `id_region` (`id_region`);

--
-- Index pour la table `users`
--
ALTER TABLE `users`
  ADD PRIMARY KEY (`id_user`),
  ADD UNIQUE KEY `username` (`username`),
  ADD UNIQUE KEY `email` (`email`),
  ADD KEY `id_region` (`id_region`);

--
-- AUTO_INCREMENT pour les tables déchargées
--

--
-- AUTO_INCREMENT pour la table `comments`
--
ALTER TABLE `comments`
  MODIFY `id_comment` int(11) NOT NULL AUTO_INCREMENT, AUTO_INCREMENT=46;
--
-- AUTO_INCREMENT pour la table `rating`
--
ALTER TABLE `rating`
  MODIFY `id_rate` int(11) NOT NULL AUTO_INCREMENT, AUTO_INCREMENT=31;
--
-- AUTO_INCREMENT pour la table `recipes`
--
ALTER TABLE `recipes`
  MODIFY `id_recipe` int(11) NOT NULL AUTO_INCREMENT, AUTO_INCREMENT=122;
--
-- AUTO_INCREMENT pour la table `regions`
--
ALTER TABLE `regions`
  MODIFY `id_region` int(11) NOT NULL AUTO_INCREMENT, AUTO_INCREMENT=16;
--
-- AUTO_INCREMENT pour la table `regions_details`
--
ALTER TABLE `regions_details`
  MODIFY `id_region_detail` int(11) NOT NULL AUTO_INCREMENT, AUTO_INCREMENT=16;
--
-- AUTO_INCREMENT pour la table `users`
--
ALTER TABLE `users`
  MODIFY `id_user` int(11) NOT NULL AUTO_INCREMENT, AUTO_INCREMENT=160;
--
-- Contraintes pour les tables déchargées
--

--
-- Contraintes pour la table `comments`
--
ALTER TABLE `comments`
  ADD CONSTRAINT `comments_ibfk_1` FOREIGN KEY (`id_recipe`) REFERENCES `recipes` (`id_recipe`) ON DELETE CASCADE ON UPDATE CASCADE,
  ADD CONSTRAINT `comments_ibfk_2` FOREIGN KEY (`id_user`) REFERENCES `users` (`id_user`) ON DELETE SET NULL ON UPDATE CASCADE;

--
-- Contraintes pour la table `rating`
--
ALTER TABLE `rating`
  ADD CONSTRAINT `rating_ibfk_1` FOREIGN KEY (`id_user`) REFERENCES `users` (`id_user`) ON DELETE SET NULL ON UPDATE NO ACTION,
  ADD CONSTRAINT `rating_ibfk_2` FOREIGN KEY (`id_recipe`) REFERENCES `recipes` (`id_recipe`) ON DELETE CASCADE ON UPDATE CASCADE;

--
-- Contraintes pour la table `recipes`
--
ALTER TABLE `recipes`
  ADD CONSTRAINT `recipes_ibfk_1` FOREIGN KEY (`id_region`) REFERENCES `regions` (`id_region`) ON DELETE NO ACTION ON UPDATE CASCADE,
  ADD CONSTRAINT `recipes_ibfk_2` FOREIGN KEY (`id_user`) REFERENCES `users` (`id_user`) ON DELETE SET NULL ON UPDATE CASCADE;

--
-- Contraintes pour la table `regions_details`
--
ALTER TABLE `regions_details`
  ADD CONSTRAINT `regions_details_ibfk_1` FOREIGN KEY (`id_region`) REFERENCES `regions` (`id_region`) ON DELETE CASCADE ON UPDATE CASCADE;

--
-- Contraintes pour la table `users`
--
ALTER TABLE `users`
  ADD CONSTRAINT `users_ibfk_1` FOREIGN KEY (`id_region`) REFERENCES `regions` (`id_region`) ON DELETE NO ACTION ON UPDATE CASCADE;
COMMIT;

/*!40101 SET CHARACTER_SET_CLIENT=@OLD_CHARACTER_SET_CLIENT */;
/*!40101 SET CHARACTER_SET_RESULTS=@OLD_CHARACTER_SET_RESULTS */;
/*!40101 SET COLLATION_CONNECTION=@OLD_COLLATION_CONNECTION */;
